condition,seed,ref_id,sus_id,label,attack_type,centered_residual_signature,raw_weight_cosine,raw_aligned_frobenius,singular_value_distance,rebasin_frobenius,rebasin_scale_frobenius,raw_branch_product_cosine,centered_branch_product_cosine,centered_with_gating
P-SUSPECT,8000,root_0,root0_cont_pt_same_0,descendant,continued_pretraining,0.9808685077479636,0.034216953808787025,-2.7761521179882727,-0.5561750847160754,-0.08092212229788844,-0.08119389764191108,0.9813732796817498,0.9808685077479641,0.9808685077479641
P-SUSPECT,8000,root_0,root0_lora_0,descendant,lora_merge,0.9981892266226203,0.034210532271131334,-2.766287633690029,-0.04666366298221403,-0.015611520599315218,-0.01562072600478299,0.9982325776789978,0.9981892266226203,0.9981892266226203
P-SUSPECT,8000,root_0,root0_prune_0,descendant,pruned,0.9918938674588164,0.033999895526637645,-2.7566317255733366,-0.5277404703764363,-0.11850966715188282,-0.11850966715188282,0.9921270617921624,0.9918938674588161,0.9918938674588161
P-SUSPECT,8000,root_0,root0_prune_1,descendant,pruned,0.9585290201276,0.0331054052586216,-2.7197955609319893,-2.4274061801254723,-0.26279057646048815,-0.26279057646048815,0.959614799659659,0.9585290201275999,0.9585290201275999
P-SUSPECT,8000,root_0,root0_prune_2,descendant,pruned,0.8609128542602903,0.03109987334201744,-2.622102665620509,-7.067292400363265,-0.4589269308961464,-0.4589269308961464,0.8636497911593475,0.8609128542602904,0.8609128542602904
P-SUSPECT,8000,root_0,root0_quant_0,descendant,quantized,0.9999191618338714,0.03421444312771948,-2.766036534898157,-0.021585856104551642,-0.011662982505455496,-0.011658961948992895,0.9999214439565828,0.9999191618338718,0.9999191618338718
P-SUSPECT,8000,root_0,root0_quant_1,descendant,quantized,0.9986808607153469,0.034176097455622,-2.767528107966575,-0.13266843671974296,-0.047209982926931376,-0.047217073619507145,0.9987180304593313,0.9986808607153469,0.9986808607153469
P-SUSPECT,8000,root_1,root1_cont_pt_same_0,descendant,continued_pretraining,0.9810088057572287,0.03477786392129905,-2.7752836895960757,-0.5615033737914009,-0.08071750941780041,-0.08098631519221218,0.9815146765394355,0.9810088057572286,0.9810088057572286
P-SUSPECT,8000,root_1,root1_lora_0,descendant,lora_merge,0.99824885569823,0.034726044910025816,-2.765365324137937,-0.04572353778216172,-0.015555548317326395,-0.015564364451706685,0.9982921331647853,0.9982488556982293,0.9982488556982293
P-SUSPECT,8000,root_1,root1_prune_0,descendant,pruned,0.9919698000737539,0.034666167096630666,-2.755503361710569,-0.5188756557837011,-0.11833816591724564,-0.11833816591724564,0.9921971900948731,0.9919698000737541,0.9919698000737541
P-SUSPECT,8000,root_1,root1_prune_1,descendant,pruned,0.9589259619669929,0.033906334379062715,-2.7186284545855792,-2.4013074999583153,-0.26228415972622826,-0.26228415972622826,0.9599879384854805,0.958925961966993,0.958925961966993
P-SUSPECT,8000,root_1,root1_prune_2,descendant,pruned,0.8580856318776057,0.03138848123766595,-2.622013665977044,-7.012916645197302,-0.4583430073544423,-0.4583430073544423,0.864601075666542,0.8618836619588767,0.8580856318776054
P-SUSPECT,8000,root_1,root1_quant_0,descendant,quantized,0.9999144777595386,0.03475615779374614,-2.765101801040851,-0.02182126392578041,-0.011893362799161826,-0.011889310796609156,0.9999169172901836,0.9999144777595387,0.9999144777595387
P-SUSPECT,8000,root_1,root1_quant_1,descendant,quantized,0.9985944762354896,0.034720060543644425,-2.7666863514195255,-0.13944358839046736,-0.048137805088843105,-0.04814539031860654,0.9986345274241634,0.9985944762354899,0.9985944762354899
P-SUSPECT,8000,root_2,root2_cont_pt_same_0,descendant,continued_pretraining,0.9803796076584986,0.03436556434598679,-2.775697025239854,-0.5555248902534179,-0.08096341971242048,-0.0812294654418146,0.9809271584508755,0.9803796076584989,0.9803796076584989
P-SUSPECT,8000,root_2,root2_lora_0,descendant,lora_merge,0.9981571069092919,0.034275736349096225,-2.765925185457313,-0.04709476804208681,-0.015620594658249564,-0.01562962566713924,0.998204254447543,0.9981571069092922,0.9981571069092922
P-SUSPECT,8000,root_2,root2_prune_0,descendant,pruned,0.9919817605467953,0.03404551857826505,-2.756336649960999,-0.5191509690148808,-0.11831710138316023,-0.11831710138316023,0.9922235144362787,0.9919817605467953,0.9919817605467953
P-SUSPECT,8000,root_2,root2_prune_1,descendant,pruned,0.9589299197566142,0.033106556382223325,-2.719701477143486,-2.395820037439668,-0.2623302721580646,-0.2623302721580646,0.9600481132861335,0.9589299197566145,0.9589299197566145
P-SUSPECT,8000,root_2,root2_prune_2,descendant,pruned,0.8623148483220858,0.03091857906243205,-2.6224787815697295,-6.997804845723903,-0.45838066474060113,-0.45838066474060113,0.8651356449158358,0.8623148483220852,0.8623148483220852
P-SUSPECT,8000,root_2,root2_quant_0,descendant,quantized,0.9999162369942546,0.03427956008925492,-2.7657164190904053,-0.021755063801362894,-0.011816333838781681,-0.011811990869484808,0.9999187970872748,0.9999162369942546,0.9999162369942546
P-SUSPECT,8000,root_2,root2_quant_1,descendant,quantized,0.9986324221303787,0.034244689883985484,-2.7672724107730478,-0.1365856388309789,-0.04783180545585911,-0.04783906996768096,0.9986741320589964,0.9986324221303781,0.9986324221303781
P-SUSPECT,8000,root_3,root3_cont_pt_same_0,descendant,continued_pretraining,0.980585905354704,0.03321914694248234,-2.777434456147391,-0.5663126251007174,-0.08118000981436271,-0.08145358349999803,0.9811311462825637,0.9805859053547041,0.9805859053547041
P-SUSPECT,8000,root_3,root3_lora_0,descendant,lora_merge,0.9981568433654613,0.03324491706548213,-2.7673718857533145,-0.046656845686524145,-0.015561138093913834,-0.015570206658381441,0.9982054976583918,0.9981568433654614,0.9981568433654614
P-SUSPECT,8000,root_3,root3_prune_0,descendant,pruned,0.9919655382236199,0.03308326183984314,-2.7576488302226867,-0.5204827621666186,-0.118404454034231,-0.118404454034231,0.9922062273082398,0.9919655382236199,0.9919655382236199
P-SUSPECT,8000,root_3,root3_prune_1,descendant,pruned,0.9587086351754404,0.03225382155210306,-2.7208570290346663,-2.398034245579254,-0.26239319694955243,-0.26239319694955243,0.9598333459881627,0.9587086351754402,0.9587086351754402
P-SUSPECT,8000,root_3,root3_prune_2,descendant,pruned,0.8617981984420929,0.029985147059049342,-2.6235322138900385,-7.044831953320896,-0.4584057325063323,-0.4584057325063323,0.8646675049493414,0.8617981984420932,0.8617981984420932
P-SUSPECT,8000,root_3,root3_quant_0,descendant,quantized,0.9999220180163791,0.033253125506959184,-2.767133805180703,-0.021110398036840373,-0.011455071144202394,-0.011451004466707703,0.9999243415511355,0.9999220180163796,0.9999220180163796
P-SUSPECT,8000,root_3,root3_quant_1,descendant,quantized,0.9987184732988902,0.033244189855393604,-2.7685811382038357,-0.12927018005584986,-0.04638097720718521,-0.046385799831866886,0.9987566500456478,0.9987184732988906,0.9987184732988906
P-SUSPECT,8000,root_4,root4_cont_pt_same_0,descendant,continued_pretraining,0.9802791469858647,0.033934585308117,-2.776480478468253,-0.5656676318700561,-0.08067769930795354,-0.08095143905213446,0.9807941416556503,0.9802791469858655,0.9802791469858655
P-SUSPECT,8000,root_4,root4_lora_0,descendant,lora_merge,0.9980883465997475,0.033917970439021124,-2.766489716460547,-0.047696110225134085,-0.015648855295115293,-0.015658841239937774,0.9981349822292648,0.9980883465997478,0.9980883465997478
P-SUSPECT,8000,root_4,root4_prune_0,descendant,pruned,0.9918900224802645,0.033697046090092914,-2.756792229794362,-0.5248947184477878,-0.11856051314658851,-0.11856051314658851,0.9921146583104287,0.9918900224802641,0.9918900224802641
P-SUSPECT,8000,root_4,root4_prune_1,descendant,pruned,0.9586119916096073,0.03287533381518575,-2.7198726144215133,-2.4210588637057024,-0.26257301956107093,-0.26257301956107093,0.9596468214115331,0.9586119916096072,0.9586119916096072
P-SUSPECT,8000,root_4,root4_prune_2,descendant,pruned,0.8615056426439794,0.03073278679190561,-2.6226633494050264,-7.069044591727063,-0.4585608732952985,-0.4585608732952985,0.8641051771111211,0.8615056426439796,0.8615056426439796
P-SUSPECT,8000,root_4,root4_quant_0,descendant,quantized,0.9999211298551917,0.03393081337371492,-2.766203664128168,-0.02086474824084292,-0.011472759134717327,-0.011468910948477911,0.9999233201558039,0.9999211298551912,0.9999211298551912
P-SUSPECT,8000,root_4,root4_quant_1,descendant,quantized,0.9987077277868001,0.033913888965182555,-2.767644955743253,-0.1290019886259158,-0.046427906172817626,-0.04643400261408684,0.998743548477254,0.9987077277867993,0.9987077277867993
P-SUSPECT,8000,root_5,root5_cont_pt_same_0,descendant,continued_pretraining,0.9804647494079167,0.03342565168528201,-2.777350213043559,-0.566902119065846,-0.08057171909782977,-0.08084373809040343,0.9814471082365294,0.980928540414857,0.9804647494079163
P-SUSPECT,8000,root_5,root5_lora_0,descendant,lora_merge,0.996843624075419,0.03335334815204977,-2.767395250702348,-0.0466525658211578,-0.015679593314013224,-0.01568752858647271,0.9980897405623322,0.9980403836609143,0.9968436240754185
P-SUSPECT,8000,root_5,root5_prune_0,descendant,pruned,0.9919689399456556,0.03318749290637108,-2.757683027427221,-0.523590311032366,-0.11825089635358313,-0.11825089635358313,0.9922601795353501,0.992026662314125,0.9919689399456558
P-SUSPECT,8000,root_5,root5_prune_1,descendant,pruned,0.9580338870753883,0.0325252141096173,-2.7206545495692738,-2.419465813924459,-0.2622770355314987,-0.2622770355314987,0.9601389867770355,0.9590558889362013,0.9580338870753881
P-SUSPECT,8000,root_5,root5_prune_2,descendant,pruned,0.8552961589095206,0.030625089920261184,-2.6230380434933194,-7.08917148526401,-0.45832698143484824,-0.45832698143484824,0.8665856495470532,0.8638751151834686,0.8552961589095207
P-SUSPECT,8000,root_5,root5_quant_0,descendant,quantized,0.9998553539236396,0.03337010836754089,-2.7671170206569227,-0.021495570894679815,-0.011795265197614917,-0.011791355812464809,0.9999194301029292,0.9999170069386887,0.9998553539236396
P-SUSPECT,8000,root_5,root5_quant_1,descendant,quantized,0.9985672983364178,0.033305178418939416,-2.768734564332411,-0.1370526225379865,-0.047744113648098094,-0.04775262925037644,0.9986784347918252,0.9986387705417298,0.9985672983364173
P-SUSPECT,8000,root_6,root6_cont_pt_same_0,descendant,continued_pretraining,0.9804870990550479,0.034050478486359226,-2.7762863790383383,-0.5638455255643874,-0.08076695320158651,-0.08103503308060232,0.9810316855394133,0.9804870990550483,0.9804870990550483
P-SUSPECT,8000,root_6,root6_lora_0,descendant,lora_merge,0.9980860586691497,0.03397349902423935,-2.766381598820104,-0.047316119132395154,-0.015691248926656735,-0.015700125854836763,0.9981359617210385,0.9980860586691498,0.9980860586691498
P-SUSPECT,8000,root_6,root6_prune_0,descendant,pruned,0.9919496815446962,0.03375594625750087,-2.756679947297826,-0.5208808616802951,-0.11832539492321412,-0.11832539492321412,0.9921914823841438,0.9919496815446965,0.9919496815446965
P-SUSPECT,8000,root_6,root6_prune_1,descendant,pruned,0.9589250360666095,0.032876219137467584,-2.719985346045807,-2.3983753020172345,-0.2622549340828418,-0.2622549340828418,0.9600358105024505,0.9589250360666096,0.9589250360666096
P-SUSPECT,8000,root_6,root6_prune_2,descendant,pruned,0.8623120975519486,0.030582597251164457,-2.6231045854330306,-7.061464059605236,-0.4581259764745296,-0.4581259764745296,0.8651201508139859,0.8623120975519488,0.8623120975519488
P-SUSPECT,8000,root_6,root6_quant_0,descendant,quantized,0.9999143452265513,0.0339783703731761,-2.766094260154059,-0.02175024069194806,-0.011869488299701372,-0.011865211835436512,0.9999168966025148,0.9999143452265508,0.9999143452265508
P-SUSPECT,8000,root_6,root6_quant_1,descendant,quantized,0.9986025576603907,0.033898288836727665,-2.767804489211815,-0.14010992857861107,-0.04803895430235261,-0.04804523187621642,0.99864413059196,0.9986025576603907,0.9986025576603907
P-SUSPECT,8000,root_7,root7_cont_pt_same_0,descendant,continued_pretraining,0.9809358724505834,0.03540754400275615,-2.7743037018424435,-0.5576384461186712,-0.08073366164373265,-0.08100137418811651,0.9814488899649602,0.9809358724505836,0.9809358724505836
P-SUSPECT,8000,root_7,root7_lora_0,descendant,lora_merge,0.9981570770160544,0.035362206868395016,-2.764477186945218,-0.04739034241216013,-0.015569342743860619,-0.015578208714508922,0.9982017324834495,0.9981570770160549,0.9981570770160549
P-SUSPECT,8000,root_7,root7_prune_0,descendant,pruned,0.9919271949622321,0.03520947626001491,-2.7547650219470787,-0.5190775142449787,-0.11845277885309137,-0.11845277885309137,0.9921624375353696,0.9919271949622318,0.9919271949622318
P-SUSPECT,8000,root_7,root7_prune_1,descendant,pruned,0.9590391416804387,0.03441977499029589,-2.7179888793928795,-2.3974166750658177,-0.2625162047226666,-0.2625162047226666,0.9601233517133023,0.9590391416804378,0.9590391416804378
P-SUSPECT,8000,root_7,root7_prune_2,descendant,pruned,0.8622708052354732,0.0323152387653444,-2.620719077599531,-7.023636244127628,-0.4585615842317483,-0.4585615842317483,0.8650643043453604,0.8622708052354726,0.8622708052354726
P-SUSPECT,8000,root_7,root7_quant_0,descendant,quantized,0.9999130623832687,0.03536480238669982,-2.764264443322847,-0.02196352673391588,-0.011974377169613913,-0.011970341150077798,0.9999155869506949,0.9999130623832685,0.9999130623832685
P-SUSPECT,8000,root_7,root7_quant_1,descendant,quantized,0.9985790561883979,0.035309108882807666,-2.765955629584386,-0.14277815708371322,-0.048475507125437016,-0.04848486726325519,0.9986202940825635,0.9985790561883979,0.9985790561883979
P-SUSPECT,8000,root_0,root0_distilled_0,non_descendant,distilled_student,0.002462470651067073,0.0028532281174924044,-3.644562424654743,-36.092817444430274,-1.7283048531618792,-7.959833349606294,0.011680635961671274,-0.0005688675509707,-0.0005480793341793288
P-SUSPECT,8000,root_1,root1_distilled_0,non_descendant,distilled_student,0.0017043490691576544,-0.0002956095478014327,-3.6630510036065775,-36.4214859548777,-1.7371748767508146,-10.158372500085513,0.011571830301254664,-0.00025238013130224893,-0.00014247273531752146
P-SUSPECT,8000,root_2,root2_distilled_0,non_descendant,distilled_student,0.0036173784361269137,0.0007426750859589533,-3.677299251013909,-37.109427561353634,-1.7444362799166744,-9.005653013456062,0.013614039169385144,0.0021410579941594276,0.002138024611823244
P-SUSPECT,8000,root_3,root3_distilled_0,non_descendant,distilled_student,0.0031995330285736045,-0.0009269511794477327,-3.6774639721630304,-37.066098920853726,-1.7442704787392092,-8.775861054237577,0.012363327910456195,0.0010499529880295148,0.0010738830051728683
P-SUSPECT,8000,root_4,root4_distilled_0,non_descendant,distilled_student,0.0021311766015238106,-0.00027695557775909687,-3.661826064172981,-36.46787703535087,-1.736839770384,-14.407496902902494,0.01101153463037864,-9.744616199686773e-05,-0.00013613176792051242
P-SUSPECT,8000,root_5,root5_distilled_0,non_descendant,distilled_student,0.002596436207189475,-7.225581363723935e-06,-3.66945862251514,-36.82860176586755,-1.7404400510318372,-8.49085721542591,0.00957792950898152,-0.0011489763472659188,-0.0009670853663912931
P-SUSPECT,8000,root_6,root6_distilled_0,non_descendant,distilled_student,0.002604205562442497,0.000718190102118716,-3.6791684473474198,-37.29454722095743,-1.7452650914942207,-8.84002729610883,0.012284780182581416,0.0008402289709179813,0.0008710194830668577
P-SUSPECT,8000,root_7,root7_distilled_0,non_descendant,distilled_student,0.00038777976225864535,0.0005680327979957961,-3.6544392712966265,-36.03336673265717,-1.7328390339998323,-8.78120940864286,0.01003828752336837,-0.001689833805572063,-0.0020484337580835917
P-SUSPECT,8000,root_0,root_1,non_descendant,independent,0.002937873376229023,0.0032472337077151243,-2.8185313989949217,-0.8570674089048325,-1.328525939277825,-3.377814777594607,0.025690808542416704,0.00032676645410010743,0.00032676645410010743
P-SUSPECT,8000,root_0,root_2,non_descendant,independent,0.0020818339099489473,0.002316356334130961,-2.8179035573504376,-1.0024117520563325,-1.3282893003903993,-3.3628871294835103,0.02515538210428078,-0.0008989664803101552,-0.0008989664803101552
P-SUSPECT,8000,root_0,root_3,non_descendant,independent,0.003795957407061759,-0.0027726028316222714,-2.826625707530054,-0.8385265288367404,-1.3321488320476746,-3.5860990044684224,0.027859429226164203,0.001935930775667746,0.001935930775667746
P-SUSPECT,8000,root_0,root_4,non_descendant,independent,0.0029159866727299557,0.0017714993982963622,-2.821372268736188,-0.7545296926629038,-1.3293678109580263,-3.387992789773957,0.025058236610957473,-7.542297401210206e-05,-7.542297401210206e-05
P-SUSPECT,8000,root_0,root_5,non_descendant,independent,0.003088185290824785,0.0011784793787968236,-2.8208578889340137,-1.0933161351464,-1.3294982720274378,-3.4363590904183785,0.02578479137002458,0.00014647312402065455,0.00014647312402065498
P-SUSPECT,8000,root_0,root_6,non_descendant,independent,0.002398038768360276,9.103408347329015e-05,-2.819478627354506,-1.4821807929634596,-1.3284909218237977,-3.432879215360697,0.025950310410294188,-9.4124086398753e-05,-9.4124086398753e-05
P-SUSPECT,8000,root_0,root_7,non_descendant,independent,0.0024342319926478457,3.636167337319285e-05,-2.825220229435584,-0.6223803961314083,-1.331640444274168,-3.4787730345246226,0.025828151403397625,0.00017838989459831322,0.00017838989459831322
P-SUSPECT,8000,root_1,root_2,non_descendant,independent,0.0021691259595159255,0.0016980429181149912,-2.8234094789475273,-0.6539531681758108,-1.3307761073857605,-3.4377011273026095,0.026342220295505713,0.0004054225183980008,0.0004054225183980008
P-SUSPECT,8000,root_1,root_3,non_descendant,independent,0.0026282795253074337,0.00038703691037957733,-2.825487319808459,-0.5270540220571912,-1.3319261340145732,-3.5014437644198853,0.02654241777572802,0.0005763935752811285,0.0005763935752811285
P-SUSPECT,8000,root_1,root_4,non_descendant,independent,0.0033103601376454784,-0.00021875085467988422,-2.828884323582371,-0.41226717337298613,-1.332917725295347,-3.462221124766108,0.025376410830665278,0.00033573963399912056,0.00033573963399912056
P-SUSPECT,8000,root_1,root_5,non_descendant,independent,0.0009456293819014924,0.002063176930463173,-2.823010477532491,-0.6876583964916304,-1.3303751147824778,-3.3905814600939945,0.02558028937389353,2.419140169894871e-05,2.4191401699160564e-05
P-SUSPECT,8000,root_1,root_6,non_descendant,independent,0.003377833295876674,0.0035997635107536015,-2.8173718850202003,-0.8531311277411122,-1.3273703435160107,-3.327899892181605,0.02593799786452911,-9.011832453363672e-05,-9.011832453363672e-05
P-SUSPECT,8000,root_1,root_7,non_descendant,independent,0.001954706461658523,0.0011584309653975065,-2.826730750329797,-0.684998654200249,-1.3323278076766498,-3.4437918698457226,0.027392325408231045,0.0019547064616585283,0.0019547064616585283
P-SUSPECT,8000,root_2,root_3,non_descendant,independent,0.0011921230678630416,0.00012278736078728044,-2.827403406614647,-0.5665349105657986,-1.3332064918611792,-3.508056042926436,0.027411367626225046,0.0008043343251066245,0.0008043343251066245
P-SUSPECT,8000,root_2,root_4,non_descendant,independent,0.003302348604569924,-8.378035837746017e-05,-2.8311391895971894,-0.7021872484284585,-1.3342964743610026,-3.5227942239257026,0.02463273093273495,-0.0010699572699716608,-0.0010699572699716608
P-SUSPECT,8000,root_2,root_5,non_descendant,independent,0.002635377627869515,-0.0012753879903359482,-2.8306018443793066,-1.0069530644691622,-1.3340371967625133,-3.5189249275410917,0.027392722432372996,0.0012387061509181103,0.0012387061509179847
P-SUSPECT,8000,root_2,root_6,non_descendant,independent,0.004101072236028809,0.001550842611667061,-2.8226092507304106,-0.7219196829362642,-1.329841175263682,-3.3971495656764827,0.029155468642884857,0.002575269284340605,0.002575269284340605
P-SUSPECT,8000,root_2,root_7,non_descendant,independent,0.0030563024675479204,0.002133024697222364,-2.8275984070849316,-0.7131131824980113,-1.332421814025429,-3.4246194744908856,0.026353054917693648,0.00020193838742075406,0.00020193838742075406
P-SUSPECT,8000,root_3,root_4,non_descendant,independent,0.001516921160962007,0.0027074724058215103,-2.8262381036970776,-0.5304935875477624,-1.3316194673427333,-3.3650591325950754,0.02564650929980038,-6.0372932737065696e-05,-6.0372932737065696e-05
P-SUSPECT,8000,root_3,root_5,non_descendant,independent,0.00035656103736028335,0.0019385195584483983,-2.8258182464653743,-0.8535883410503907,-1.3318680479325318,-3.4013633956731266,0.024742505496121902,-0.0015188503780007659,-0.0015188503780005148
P-SUSPECT,8000,root_3,root_6,non_descendant,independent,0.0037821498200922878,0.0017613366830254284,-2.822213038823017,-0.8843303086961174,-1.330007540834916,-3.377089169147388,0.0270190978730777,0.0003454259022546182,0.0003454259022546182
P-SUSPECT,8000,root_3,root_7,non_descendant,independent,0.0026267978288531182,-0.0001273500668064306,-2.832549195330106,-0.6677866204259703,-1.3349139714079088,-3.5390672382823567,0.027252515511193842,0.0011153041271316753,0.0011153041271316753
P-SUSPECT,8000,root_4,root_5,non_descendant,independent,0.003543157122030446,0.000127344841821294,-2.8261553772792753,-0.6778254702329769,-1.3322792811208803,-3.519676593985625,0.026906342241111384,0.0016446491642212637,0.0016446491642214713
P-SUSPECT,8000,root_4,root_6,non_descendant,independent,0.003103461439501819,0.0016558593528781904,-2.8201636309971474,-0.9876523920055167,-1.3291480567528218,-3.420410046113008,0.02494676816242324,-0.0007806202107380273,-0.0007806202107380273
P-SUSPECT,8000,root_4,root_7,non_descendant,independent,0.0012978428326282136,-0.0005697914457905617,-2.829658858379366,-0.6394084402139232,-1.3334201272877861,-3.5298209495248525,0.02504513088343929,-0.00018590708807121516,-0.00018590708807121516
P-SUSPECT,8000,root_5,root_6,non_descendant,independent,0.00432664163356275,0.0012596147422556157,-2.8232263718267325,-0.9979692168863206,-1.330267514816473,-3.4433793829969583,0.027888044991230432,0.0016594012240605156,0.001659401224060434
P-SUSPECT,8000,root_5,root_7,non_descendant,independent,0.002713038770046782,0.0012897082963333926,-2.8277595347257103,-0.9946120397322639,-1.3326185781069153,-3.436592847578693,0.027005326646204322,0.0012707322591882595,0.0012707322591878226
P-SUSPECT,8000,root_6,root_7,non_descendant,independent,0.0032029680277968296,-0.0011065202714843167,-2.8355734660398437,-1.219989329673795,-1.3363584818566316,-3.567770119900122,0.02761137632332461,0.0014269405683080404,0.0014269405683080404
P-SUSPECT,8100,root_0,root0_cont_pt_same_0,descendant,continued_pretraining,0.9808685077479637,0.035140866130823775,-2.7746184756138774,-0.5561750847160778,-0.08092212229788844,-0.08119389764191108,0.9813732796817499,0.9808685077479639,0.9808685077479639
P-SUSPECT,8100,root_0,root0_lora_0,descendant,lora_merge,0.9981892266226203,0.03511114228569209,-2.7647907425487426,-0.04666366298221373,-0.015611520599315218,-0.01562072600478299,0.9982325776789978,0.9981892266226203,0.9981892266226203
P-SUSPECT,8100,root_0,root0_prune_0,descendant,pruned,0.9918938674588164,0.0348862814401357,-2.7551429248265564,-0.5277404703764391,-0.11850966715188282,-0.11850966715188282,0.9921270617921621,0.991893867458816,0.991893867458816
P-SUSPECT,8100,root_0,root0_prune_1,descendant,pruned,0.9585290201276,0.034189154280372995,-2.718139156327494,-2.4274061801254736,-0.26279057646048815,-0.26279057646048815,0.9596147996596588,0.9585290201275997,0.9585290201275997
P-SUSPECT,8100,root_0,root0_prune_2,descendant,pruned,0.8609128542602903,0.032129185861343626,-2.620648777753242,-7.067292400363261,-0.4589269308961464,-0.4589269308961464,0.8636497911593475,0.8609128542602904,0.8609128542602904
P-SUSPECT,8100,root_0,root0_quant_0,descendant,quantized,0.9999191618338714,0.035120704479481984,-2.764536381870714,-0.021585856104553453,-0.011662982505455496,-0.011658961948992895,0.9999214439565828,0.9999191618338718,0.9999191618338718
P-SUSPECT,8100,root_0,root0_quant_1,descendant,quantized,0.9986808607153469,0.03508004739733969,-2.7660420288505816,-0.13266843671974193,-0.047209982926931376,-0.047217073619507145,0.9987180304593313,0.9986808607153469,0.9986808607153469
P-SUSPECT,8100,root_1,root1_cont_pt_same_0,descendant,continued_pretraining,0.9810088057572287,0.03482658347242104,-2.775309062686568,-0.5615033737914037,-0.08071750941780041,-0.08098631519221218,0.9815146765394355,0.9810088057572287,0.9810088057572287
P-SUSPECT,8100,root_1,root1_lora_0,descendant,lora_merge,0.99824885569823,0.03474626858614892,-2.7654140094636297,-0.04572353778216292,-0.015555548317326395,-0.015564364451706685,0.9982921331647853,0.9982488556982293,0.9982488556982293
P-SUSPECT,8100,root_1,root1_prune_0,descendant,pruned,0.991969800073754,0.03469308478858842,-2.7555424200615417,-0.5188756557836991,-0.11833816591724564,-0.11833816591724564,0.9921971900948731,0.9919698000737541,0.9919698000737541
P-SUSPECT,8100,root_1,root1_prune_1,descendant,pruned,0.9589259619669929,0.033911622164092034,-2.71867897504041,-2.4013074999583126,-0.26228415972622826,-0.26228415972622826,0.9599879384854807,0.958925961966993,0.958925961966993
P-SUSPECT,8100,root_1,root1_prune_2,descendant,pruned,0.8580856318776057,0.031649788978080164,-2.621673101300565,-7.012916645197304,-0.4583430073544423,-0.4583430073544423,0.864601075666542,0.8618836619588767,0.8580856318776054
P-SUSPECT,8100,root_1,root1_quant_0,descendant,quantized,0.9999144777595386,0.03474250668769481,-2.7651856938278456,-0.0218212639257799,-0.011893362799161826,-0.011889310796609156,0.9999169172901836,0.9999144777595387,0.9999144777595387
P-SUSPECT,8100,root_1,root1_quant_1,descendant,quantized,0.9985944762354896,0.03471057068264157,-2.766768760926112,-0.1394435883904673,-0.048137805088843105,-0.04814539031860654,0.9986345274241634,0.9985944762354899,0.9985944762354899
P-SUSPECT,8100,root_2,root2_cont_pt_same_0,descendant,continued_pretraining,0.9803796076584986,0.03331025174578984,-2.776955330626423,-0.5555248902534226,-0.08096341971242048,-0.0812294654418146,0.9809271584508759,0.9803796076584991,0.9803796076584991
P-SUSPECT,8100,root_2,root2_lora_0,descendant,lora_merge,0.9981571069092917,0.03324004885950065,-2.767170685977058,-0.04709476804208521,-0.015620594658249564,-0.01562962566713924,0.9982042544475429,0.9981571069092919,0.9981571069092919
P-SUSPECT,8100,root_2,root2_prune_0,descendant,pruned,0.9919817605467954,0.03298495688013366,-2.7576271825320284,-0.5191509690148898,-0.11831710138316023,-0.11831710138316023,0.9922235144362787,0.991981760546795,0.991981760546795
P-SUSPECT,8100,root_2,root2_prune_1,descendant,pruned,0.9589299197566142,0.03230167401474744,-2.7207092175825207,-2.395820037439665,-0.2623302721580646,-0.2623302721580646,0.9600481132861335,0.9589299197566145,0.9589299197566145
P-SUSPECT,8100,root_2,root2_prune_2,descendant,pruned,0.8623148483220858,0.030099349648258927,-2.6235059283725892,-6.997804845723903,-0.45838066474060113,-0.45838066474060113,0.8651356449158359,0.8623148483220852,0.8623148483220852
P-SUSPECT,8100,root_2,root2_quant_0,descendant,quantized,0.9999162369942546,0.03323546759834827,-2.766975730657589,-0.021755063801364726,-0.011816333838781681,-0.011811990869484808,0.9999187970872748,0.9999162369942546,0.9999162369942546
P-SUSPECT,8100,root_2,root2_quant_1,descendant,quantized,0.9986324221303787,0.033225807265199206,-2.7685033754762354,-0.13658563883098132,-0.04783180545585911,-0.04783906996768096,0.9986741320589964,0.9986324221303781,0.9986324221303781
P-SUSPECT,8100,root_3,root3_cont_pt_same_0,descendant,continued_pretraining,0.9805859053547038,0.03358507438925087,-2.776808949651166,-0.5663126251007191,-0.08118000981436271,-0.08145358349999803,0.9811311462825637,0.9805859053547041,0.9805859053547041
P-SUSPECT,8100,root_3,root3_lora_0,descendant,lora_merge,0.9981568433654613,0.03352509630202634,-2.7668073850921204,-0.04665684568652086,-0.015561138093913834,-0.015570206658381441,0.9982054976583918,0.9981568433654614,0.9981568433654614
P-SUSPECT,8100,root_3,root3_prune_0,descendant,pruned,0.9919655382236198,0.03329886551954942,-2.7572049850781832,-0.5204827621666201,-0.118404454034231,-0.118404454034231,0.9922062273082398,0.9919655382236199,0.9919655382236199
P-SUSPECT,8100,root_3,root3_prune_1,descendant,pruned,0.9587086351754404,0.0326867993224881,-2.7200948106042206,-2.3980342455792556,-0.26239319694955243,-0.26239319694955243,0.9598333459881628,0.9587086351754402,0.9587086351754402
P-SUSPECT,8100,root_3,root3_prune_2,descendant,pruned,0.8617981984420929,0.030943139771827752,-2.6223394767756214,-7.0448319533209025,-0.4584057325063323,-0.4584057325063323,0.8646675049493414,0.8617981984420932,0.8617981984420932
P-SUSPECT,8100,root_3,root3_quant_0,descendant,quantized,0.9999220180163791,0.033551018862821164,-2.766537748007369,-0.021110398036839548,-0.011455071144202394,-0.011451004466707703,0.9999243415511355,0.9999220180163796,0.9999220180163796
P-SUSPECT,8100,root_3,root3_quant_1,descendant,quantized,0.9987184732988902,0.03349941408072447,-2.7680393685838176,-0.1292701800558513,-0.04638097720718521,-0.046385799831866886,0.9987566500456478,0.9987184732988906,0.9987184732988906
P-SUSPECT,8100,root_4,root4_cont_pt_same_0,descendant,continued_pretraining,0.9802791469858647,0.03308670899146735,-2.7781769798230864,-0.5656676318700556,-0.08067769930795354,-0.08095143905213446,0.9807941416556502,0.9802791469858652,0.9802791469858652
P-SUSPECT,8100,root_4,root4_lora_0,descendant,lora_merge,0.9980883465997473,0.03302577814857545,-2.7682102944025484,-0.047696110225133335,-0.015648855295115293,-0.015658841239937774,0.9981349822292648,0.9980883465997478,0.9980883465997478
P-SUSPECT,8100,root_4,root4_prune_0,descendant,pruned,0.9918900224802645,0.03284105099634106,-2.758437961617272,-0.5248947184477857,-0.11856051314658851,-0.11856051314658851,0.9921146583104284,0.9918900224802641,0.9918900224802641
P-SUSPECT,8100,root_4,root4_prune_1,descendant,pruned,0.9586119916096073,0.032096702525460416,-2.721541802266132,-2.4210588637057056,-0.26257301956107093,-0.26257301956107093,0.9596468214115331,0.9586119916096072,0.9586119916096072
P-SUSPECT,8100,root_4,root4_prune_2,descendant,pruned,0.8615056426439794,0.029805965097555565,-2.6243787108613486,-7.0690445917270655,-0.4585608732952985,-0.4585608732952985,0.8641051771111211,0.8615056426439796,0.8615056426439796
P-SUSPECT,8100,root_4,root4_quant_0,descendant,quantized,0.9999211298551917,0.03302843474539247,-2.767930740945301,-0.02086474824084059,-0.011472759134717327,-0.011468910948477911,0.9999233201558039,0.9999211298551912,0.9999211298551912
P-SUSPECT,8100,root_4,root4_quant_1,descendant,quantized,0.9987077277868001,0.03297506798685227,-2.769419040195644,-0.12900198862591555,-0.046427906172817626,-0.04643400261408684,0.998743548477254,0.9987077277867993,0.9987077277867993
P-SUSPECT,8100,root_5,root5_cont_pt_same_0,descendant,continued_pretraining,0.9804647494079166,0.03521371423118335,-2.774993138212856,-0.566902119065841,-0.08057171909782977,-0.08084373809040343,0.9814471082365296,0.9809285404148572,0.9804647494079163
P-SUSPECT,8100,root_5,root5_lora_0,descendant,lora_merge,0.9968436240754187,0.03519114059014731,-2.7649738280069722,-0.04665256582115959,-0.015679593314013224,-0.01568752858647271,0.9980897405623321,0.9980403836609146,0.9968436240754186
P-SUSPECT,8100,root_5,root5_prune_0,descendant,pruned,0.9919689399456556,0.035029374517863365,-2.75520798395949,-0.5235903110323636,-0.11825089635358313,-0.11825089635358313,0.9922601795353501,0.992026662314125,0.9919689399456558
P-SUSPECT,8100,root_5,root5_prune_1,descendant,pruned,0.9580338870753883,0.03423658537415131,-2.71837964345648,-2.419465813924456,-0.2622770355314987,-0.2622770355314987,0.9601389867770357,0.9590558889362016,0.9580338870753881
P-SUSPECT,8100,root_5,root5_prune_2,descendant,pruned,0.8552961589095206,0.03212737591384995,-2.621239964186445,-7.089171485264019,-0.45832698143484824,-0.45832698143484824,0.8665856495470532,0.8638751151834686,0.8552961589095208
P-SUSPECT,8100,root_5,root5_quant_0,descendant,quantized,0.9998553539236396,0.03519686674491832,-2.764704353729619,-0.021495570894681494,-0.011795265197614917,-0.011791355812464809,0.9999194301029292,0.9999170069386887,0.9998553539236396
P-SUSPECT,8100,root_5,root5_quant_1,descendant,quantized,0.9985672983364178,0.03514118832894186,-2.766303708144021,-0.13705262253798528,-0.047744113648098094,-0.04775262925037644,0.9986784347918252,0.9986387705417298,0.9985672983364173
P-SUSPECT,8100,root_6,root6_cont_pt_same_0,descendant,continued_pretraining,0.9804870990550478,0.03363400426261769,-2.777170463027586,-0.5638455255643868,-0.08076695320158651,-0.08103503308060232,0.9810316855394131,0.9804870990550483,0.9804870990550483
P-SUSPECT,8100,root_6,root6_lora_0,descendant,lora_merge,0.9980860586691495,0.03356122222479951,-2.767275394147053,-0.04731611913239565,-0.015691248926656735,-0.015700125854836763,0.9981359617210384,0.9980860586691497,0.9980860586691497
P-SUSPECT,8100,root_6,root6_prune_0,descendant,pruned,0.9919496815446962,0.03347725014149808,-2.7574638544520234,-0.5208808616802947,-0.11832539492321412,-0.11832539492321412,0.9921914823841438,0.9919496815446965,0.9919496815446965
P-SUSPECT,8100,root_6,root6_prune_1,descendant,pruned,0.9589250360666096,0.032722147980465834,-2.7205519239634897,-2.398375302017236,-0.2622549340828418,-0.2622549340828418,0.9600358105024505,0.9589250360666096,0.9589250360666096
P-SUSPECT,8100,root_6,root6_prune_2,descendant,pruned,0.8623120975519486,0.03058745321345258,-2.6233883325386187,-7.061464059605235,-0.4581259764745296,-0.4581259764745296,0.8651201508139859,0.8623120975519488,0.8623120975519488
P-SUSPECT,8100,root_6,root6_quant_0,descendant,quantized,0.9999143452265513,0.033582764093070684,-2.766980314255704,-0.02175024069194866,-0.011869488299701372,-0.011865211835436512,0.9999168966025148,0.9999143452265508,0.9999143452265508
P-SUSPECT,8100,root_6,root6_quant_1,descendant,quantized,0.9986025576603907,0.03350682300272968,-2.768690209107293,-0.14010992857860854,-0.04803895430235261,-0.04804523187621642,0.99864413059196,0.9986025576603907,0.9986025576603907
P-SUSPECT,8100,root_7,root7_cont_pt_same_0,descendant,continued_pretraining,0.9809358724505834,0.03348814961137553,-2.7771584146124146,-0.5576384461186746,-0.08073366164373265,-0.08100137418811651,0.9814488899649602,0.9809358724505838,0.9809358724505838
P-SUSPECT,8100,root_7,root7_lora_0,descendant,lora_merge,0.9981570770160544,0.033512454608860175,-2.767227888463935,-0.04739034241216068,-0.015569342743860619,-0.015578208714508922,0.9982017324834495,0.9981570770160548,0.9981570770160548
P-SUSPECT,8100,root_7,root7_prune_0,descendant,pruned,0.9919271949622321,0.03345117998033592,-2.757368909390124,-0.519077514244978,-0.11845277885309137,-0.11845277885309137,0.9921624375353698,0.9919271949622318,0.9919271949622318
P-SUSPECT,8100,root_7,root7_prune_1,descendant,pruned,0.9590391416804387,0.032546943382661744,-2.7206156242935213,-2.397416675065814,-0.2625162047226666,-0.2625162047226666,0.9601233517133023,0.9590391416804381,0.9590391416804381
P-SUSPECT,8100,root_7,root7_prune_2,descendant,pruned,0.8622708052354731,0.03055080870468113,-2.6230287535572385,-7.023636244127626,-0.4585615842317483,-0.4585615842317483,0.8650643043453604,0.8622708052354726,0.8622708052354726
P-SUSPECT,8100,root_7,root7_quant_0,descendant,quantized,0.9999130623832687,0.03353814972764187,-2.766982618250914,-0.021963526733916564,-0.011974377169613913,-0.011970341150077798,0.9999155869506949,0.9999130623832685,0.9999130623832685
P-SUSPECT,8100,root_7,root7_quant_1,descendant,quantized,0.9985790561883979,0.03351395259901376,-2.7686364366930514,-0.1427781570837134,-0.048475507125437016,-0.04848486726325519,0.9986202940825635,0.9985790561883979,0.9985790561883979
P-SUSPECT,8100,root_0,root0_distilled_0,non_descendant,distilled_student,0.0024624706510670705,0.003101375773700142,-3.6443858116012446,-36.09281744443028,-1.7283048531618792,-7.959833349606294,0.011680635961671274,-0.0005688675509707028,-0.0005480793341793322
P-SUSPECT,8100,root_1,root1_distilled_0,non_descendant,distilled_student,0.001704349069157659,3.978258728731881e-05,-3.662129968423007,-36.421485954877696,-1.7371748767508146,-10.158372500085513,0.011571830301254664,-0.0002523801313022479,-0.00014247273531752056
P-SUSPECT,8100,root_2,root2_distilled_0,non_descendant,distilled_student,0.00361737843612691,0.0011780919699038485,-3.677500579540735,-37.10942756135363,-1.7444362799166744,-9.005653013456062,0.013614039169385141,0.0021410579941594245,0.0021380246118232415
P-SUSPECT,8100,root_3,root3_distilled_0,non_descendant,distilled_student,0.0031995330285736062,-0.0007253116605395633,-3.6774883400155316,-37.066098920853726,-1.7442704787392092,-8.775861054237577,0.012363327910456195,0.0010499529880295157,0.0010738830051728687
P-SUSPECT,8100,root_4,root4_distilled_0,non_descendant,distilled_student,0.002131176601523812,0.0001907800887647488,-3.660945777357031,-36.46787703535085,-1.736839770384,-14.407496902902494,0.011011534630378635,-9.744616199686472e-05,-0.0001361317679205097
P-SUSPECT,8100,root_5,root5_distilled_0,non_descendant,distilled_student,0.002596436207189476,-0.00023194969626436036,-3.6695243760538374,-36.82860176586756,-1.7404400510318372,-8.49085721542591,0.009577929508981524,-0.0011489763472659164,-0.0009670853663912908
P-SUSPECT,8100,root_6,root6_distilled_0,non_descendant,distilled_student,0.0026042055624425006,0.0003067524859131313,-3.6796839370114687,-37.29454722095743,-1.7452650914942207,-8.84002729610883,0.012284780182581417,0.0008402289709179777,0.0008710194830668542
P-SUSPECT,8100,root_7,root7_distilled_0,non_descendant,distilled_student,0.00038777976225864654,0.0013528506853672023,-3.6535857928543045,-36.03336673265717,-1.7328390339998323,-8.78120940864286,0.010038287523368371,-0.0016898338055720632,-0.0020484337580835925
P-SUSPECT,8100,root_0,root_1,non_descendant,independent,0.0029378733762290194,0.00250968848434524,-2.819806645284235,-0.8570674089048325,-1.328525939277825,-3.377814777594607,0.025690808542416704,0.0003267664541001111,0.0003267664541001111
P-SUSPECT,8100,root_0,root_2,non_descendant,independent,0.002081833909948944,0.0017423587778523108,-2.8190849826075017,-1.0024117520563305,-1.3282893003903993,-3.3628871294835103,0.025155382104280782,-0.0008989664803101552,-0.0008989664803101552
P-SUSPECT,8100,root_0,root_3,non_descendant,independent,0.0037959574070617536,-0.0019684309530518477,-2.8254756838023924,-0.8385265288367472,-1.3321488320476746,-3.5860990044684224,0.0278594292261642,0.0019359307756677449,0.0019359307756677449
P-SUSPECT,8100,root_0,root_4,non_descendant,independent,0.002915986672729954,0.0023499216913286203,-2.8209231797128944,-0.7545296926629056,-1.3293678109580263,-3.387992789773957,0.025058236610957473,-7.542297401210254e-05,-7.542297401210254e-05
P-SUSPECT,8100,root_0,root_5,non_descendant,independent,0.003088185290824784,0.0010925437171655456,-2.8211660826930323,-1.0933161351463982,-1.3294982720274378,-3.4363590904183785,0.02578479137002457,0.00014647312402065303,0.00014647312402065347
P-SUSPECT,8100,root_0,root_6,non_descendant,independent,0.0023980387683602746,0.00035872760658647835,-2.8186845694961358,-1.4821807929634565,-1.3284909218237977,-3.432879215360697,0.02595031041029418,-9.412408639875177e-05,-9.412408639875177e-05
P-SUSPECT,8100,root_0,root_7,non_descendant,independent,0.0024342319926478457,6.98137750330897e-05,-2.824766038599162,-0.6223803961314087,-1.331640444274168,-3.4787730345246226,0.025828151403397625,0.00017838989459831688,0.00017838989459831688
P-SUSPECT,8100,root_1,root_2,non_descendant,independent,0.0021691259595159242,0.000735359053765147,-2.8245000490456014,-0.6539531681758095,-1.3307761073857605,-3.4377011273026095,0.026342220295505703,0.0004054225183979995,0.0004054225183979995
P-SUSPECT,8100,root_1,root_3,non_descendant,independent,0.0026282795253074337,0.00013698982881445705,-2.825543658606257,-0.5270540220571933,-1.3319261340145732,-3.5014437644198853,0.026542417775728012,0.0005763935752811287,0.0005763935752811287
P-SUSPECT,8100,root_1,root_4,non_descendant,independent,0.0033103601376454745,-0.000653571601722539,-2.8283301692334466,-0.4122671733729856,-1.332917725295347,-3.462221124766108,0.025376410830665264,0.00033573963399912256,0.00033573963399912256
P-SUSPECT,8100,root_1,root_5,non_descendant,independent,0.0009456293819014929,0.0028727270360611175,-2.82232990598596,-0.6876583964916281,-1.3303751147824778,-3.3905814600939945,0.02558028937389353,2.419140169895088e-05,2.4191401699162878e-05
P-SUSPECT,8100,root_1,root_6,non_descendant,independent,0.003377833295876678,0.0034393750546749305,-2.8170629928979007,-0.8531311277411093,-1.3273703435160107,-3.327899892181605,0.02593799786452911,-9.0118324533639e-05,-9.0118324533639e-05
P-SUSPECT,8100,root_1,root_7,non_descendant,independent,0.001954706461658524,0.0007286822005398685,-2.8272614021413607,-0.6849986542002493,-1.3323278076766498,-3.4437918698457226,0.02739232540823103,0.00195470646165853,0.00195470646165853
P-SUSPECT,8100,root_2,root_3,non_descendant,independent,0.0011921230678630425,0.0006873643044244257,-2.8276473975632506,-0.5665349105657984,-1.3332064918611792,-3.508056042926436,0.027411367626225046,0.000804334325106626,0.000804334325106626
P-SUSPECT,8100,root_2,root_4,non_descendant,independent,0.003302348604569924,0.00026333118755648353,-2.8307540789346195,-0.7021872484284589,-1.3342964743610026,-3.5227942239257026,0.024632730932734947,-0.0010699572699716605,-0.0010699572699716605
P-SUSPECT,8100,root_2,root_5,non_descendant,independent,0.0026353776278695115,-0.0016700728436639938,-2.831729546976743,-1.006953064469155,-1.3340371967625133,-3.5189249275410917,0.027392722432372993,0.0012387061509181096,0.0012387061509179838
P-SUSPECT,8100,root_2,root_6,non_descendant,independent,0.004101072236028816,0.001915716687051354,-2.821226706968267,-0.7219196829362624,-1.329841175263682,-3.3971495656764827,0.029155468642884857,0.0025752692843406064,0.0025752692843406064
P-SUSPECT,8100,root_2,root_7,non_descendant,independent,0.0030563024675479195,0.0018236097767240908,-2.8279778726619584,-0.7131131824980123,-1.332421814025429,-3.4246194744908856,0.026353054917693654,0.0002019383874207525,0.0002019383874207525
P-SUSPECT,8100,root_3,root_4,non_descendant,independent,0.0015169211609620057,0.0025899867344161727,-2.826329208741649,-0.5304935875477634,-1.3316194673427333,-3.3650591325950754,0.02564650929980038,-6.037293273706765e-05,-6.037293273706765e-05
P-SUSPECT,8100,root_3,root_5,non_descendant,independent,0.00035656103736028476,0.0015737675479291443,-2.8262804771201813,-0.8535883410503874,-1.3318680479325318,-3.4013633956731266,0.02474250549612191,-0.0015188503780007648,-0.0015188503780005132
P-SUSPECT,8100,root_3,root_6,non_descendant,independent,0.003782149820092289,0.0019205319161367893,-2.821995882470432,-0.8843303086961135,-1.330007540834916,-3.377089169147388,0.027019097873077703,0.0003454259022546183,0.0003454259022546183
P-SUSPECT,8100,root_3,root_7,non_descendant,independent,0.0026267978288531182,-0.0007094296808359447,-2.8326847349594995,-0.6677866204259706,-1.3349139714079088,-3.5390672382823567,0.027252515511193846,0.0011153041271316788,0.0011153041271316788
P-SUSPECT,8100,root_4,root_5,non_descendant,independent,0.003543157122030445,-0.0005368730856924601,-2.827379040748439,-0.6778254702329746,-1.3322792811208803,-3.519676593985625,0.02690634224111138,0.001644649164221263,0.0016446491642214706
P-SUSPECT,8100,root_4,root_6,non_descendant,independent,0.003103461439501821,0.0016060509749380592,-2.8198487010326074,-0.9876523920055135,-1.3291480567528218,-3.420410046113008,0.024946768162423236,-0.0007806202107380274,-0.0007806202107380274
P-SUSPECT,8100,root_4,root_7,non_descendant,independent,0.0012978428326282103,-0.00034165957277380556,-2.8292749597848927,-0.6394084402139222,-1.3334201272877861,-3.5298209495248525,0.02504513088343929,-0.00018590708807122018,-0.00018590708807122018
P-SUSPECT,8100,root_5,root_6,non_descendant,independent,0.004326641633562749,0.0008342877225213844,-2.823209713180988,-0.9979692168863172,-1.330267514816473,-3.4433793829969583,0.027888044991230442,0.001659401224060517,0.0016594012240604354
P-SUSPECT,8100,root_5,root_7,non_descendant,independent,0.0027130387700467842,0.0010614345448322828,-2.8278771088402523,-0.9946120397322621,-1.3326185781069153,-3.436592847578693,0.027005326646204322,0.0012707322591882604,0.0012707322591878234
P-SUSPECT,8100,root_6,root_7,non_descendant,independent,0.0032029680277968313,-0.0005189280511664218,-2.8345765998923227,-1.2199893296737965,-1.3363584818566316,-3.567770119900122,0.027611376323324607,0.0014269405683080393,0.0014269405683080393
P-SUSPECT,8200,root_0,root0_cont_pt_same_0,descendant,continued_pretraining,0.9808685077479637,0.03517245849474691,-2.7743141782298553,-0.556175084716071,-0.08092212229788844,-0.08119389764191108,0.9813732796817498,0.9808685077479641,0.9808685077479641
P-SUSPECT,8200,root_0,root0_lora_0,descendant,lora_merge,0.9981892266226206,0.03511238012296173,-2.7645085342572018,-0.04666366298221211,-0.015611520599315218,-0.01562072600478299,0.9982325776789978,0.9981892266226203,0.9981892266226203
P-SUSPECT,8200,root_0,root0_prune_0,descendant,pruned,0.9918938674588161,0.03485942813897051,-2.75488770886897,-0.5277404703764313,-0.11850966715188282,-0.11850966715188282,0.9921270617921621,0.991893867458816,0.991893867458816
P-SUSPECT,8200,root_0,root0_prune_1,descendant,pruned,0.9585290201276,0.03400302525254744,-2.71811863869492,-2.4274061801254705,-0.26279057646048815,-0.26279057646048815,0.959614799659659,0.9585290201275996,0.9585290201275996
P-SUSPECT,8200,root_0,root0_prune_2,descendant,pruned,0.8609128542602903,0.03197366956918896,-2.620691462390411,-7.06729240036326,-0.4589269308961464,-0.4589269308961464,0.8636497911593475,0.8609128542602904,0.8609128542602904
P-SUSPECT,8200,root_0,root0_quant_0,descendant,quantized,0.9999191618338714,0.03510542789530245,-2.764268495267844,-0.021585856104552548,-0.011662982505455496,-0.011658961948992895,0.9999214439565828,0.9999191618338718,0.9999191618338718
P-SUSPECT,8200,root_0,root0_quant_1,descendant,quantized,0.9986808607153469,0.035098940024068395,-2.7656993600391733,-0.13266843671974327,-0.047209982926931376,-0.047217073619507145,0.9987180304593313,0.9986808607153469,0.9986808607153469
P-SUSPECT,8200,root_1,root1_cont_pt_same_0,descendant,continued_pretraining,0.9810088057572285,0.034828256024492375,-2.7748777814031405,-0.5615033737914045,-0.08071750941780041,-0.08098631519221218,0.9815146765394355,0.9810088057572286,0.9810088057572286
P-SUSPECT,8200,root_1,root1_lora_0,descendant,lora_merge,0.99824885569823,0.0347780300476017,-2.7648933000219293,-0.04572353778216073,-0.015555548317326395,-0.015564364451706685,0.9982921331647852,0.9982488556982293,0.9982488556982293
P-SUSPECT,8200,root_1,root1_prune_0,descendant,pruned,0.9919698000737539,0.034602539690724445,-2.7551902904971395,-0.5188756557837007,-0.11833816591724564,-0.11833816591724564,0.9921971900948731,0.9919698000737541,0.9919698000737541
P-SUSPECT,8200,root_1,root1_prune_1,descendant,pruned,0.9589259619669929,0.03386156656211741,-2.7182810968883806,-2.401307499958319,-0.26228415972622826,-0.26228415972622826,0.9599879384854805,0.958925961966993,0.958925961966993
P-SUSPECT,8200,root_1,root1_prune_2,descendant,pruned,0.8580856318776057,0.031188328992077203,-2.621739412744761,-7.012916645197304,-0.4583430073544423,-0.4583430073544423,0.8646010756665419,0.8618836619588767,0.8580856318776054
P-SUSPECT,8200,root_1,root1_quant_0,descendant,quantized,0.9999144777595386,0.03479503339843853,-2.7646390691575413,-0.0218212639257796,-0.011893362799161826,-0.011889310796609156,0.9999169172901836,0.9999144777595387,0.9999144777595387
P-SUSPECT,8200,root_1,root1_quant_1,descendant,quantized,0.9985944762354896,0.034776316922355804,-2.766184914854687,-0.1394435883904667,-0.048137805088843105,-0.04814539031860654,0.9986345274241634,0.9985944762354899,0.9985944762354899
P-SUSPECT,8200,root_2,root2_cont_pt_same_0,descendant,continued_pretraining,0.9803796076584986,0.03448891742858938,-2.7752992713140685,-0.5555248902534207,-0.08096341971242048,-0.0812294654418146,0.9809271584508757,0.9803796076584991,0.9803796076584991
P-SUSPECT,8200,root_2,root2_lora_0,descendant,lora_merge,0.9981571069092919,0.034468291438742214,-2.765418598777895,-0.0470947680420849,-0.015620594658249564,-0.01562962566713924,0.9982042544475432,0.9981571069092919,0.9981571069092919
P-SUSPECT,8200,root_2,root2_prune_0,descendant,pruned,0.9919817605467953,0.03420169373573776,-2.7558730909949025,-0.5191509690148812,-0.11831710138316023,-0.11831710138316023,0.9922235144362787,0.9919817605467952,0.9919817605467952
P-SUSPECT,8200,root_2,root2_prune_1,descendant,pruned,0.9589299197566142,0.033378175635150435,-2.719092359804191,-2.395820037439668,-0.2623302721580646,-0.2623302721580646,0.9600481132861335,0.9589299197566147,0.9589299197566147
P-SUSPECT,8200,root_2,root2_prune_2,descendant,pruned,0.8623148483220858,0.031110189519167955,-2.6220281659510722,-6.9978048457239,-0.45838066474060113,-0.45838066474060113,0.8651356449158362,0.8623148483220852,0.8623148483220852
P-SUSPECT,8200,root_2,root2_quant_0,descendant,quantized,0.9999162369942546,0.03448539470796896,-2.7651906919875544,-0.021755063801364036,-0.011816333838781681,-0.011811990869484808,0.9999187970872748,0.9999162369942546,0.9999162369942546
P-SUSPECT,8200,root_2,root2_quant_1,descendant,quantized,0.9986324221303787,0.03441264067671091,-2.7667896753579226,-0.13658563883097657,-0.04783180545585911,-0.04783906996768096,0.9986741320589964,0.9986324221303781,0.9986324221303781
P-SUSPECT,8200,root_3,root3_cont_pt_same_0,descendant,continued_pretraining,0.980585905354704,0.034183502799369624,-2.776509793661835,-0.5663126251007168,-0.08118000981436271,-0.08145358349999803,0.9811311462825637,0.9805859053547041,0.9805859053547041
P-SUSPECT,8200,root_3,root3_lora_0,descendant,lora_merge,0.9981568433654613,0.03408836446570623,-2.766557128153506,-0.046656845686524895,-0.015561138093913834,-0.015570206658381441,0.9982054976583918,0.9981568433654614,0.9981568433654614
P-SUSPECT,8200,root_3,root3_prune_0,descendant,pruned,0.9919655382236199,0.033971785516752936,-2.756780089433673,-0.52048276216662,-0.118404454034231,-0.118404454034231,0.9922062273082398,0.9919655382236199,0.9919655382236199
P-SUSPECT,8200,root_3,root3_prune_1,descendant,pruned,0.9587086351754404,0.03320269568027894,-2.7198382797902037,-2.398034245579253,-0.26239319694955243,-0.26239319694955243,0.9598333459881628,0.9587086351754402,0.9587086351754402
P-SUSPECT,8200,root_3,root3_prune_2,descendant,pruned,0.8617981984420929,0.031117834921862462,-2.622478408587863,-7.044831953320899,-0.4584057325063323,-0.4584057325063323,0.8646675049493414,0.8617981984420928,0.8617981984420928
P-SUSPECT,8200,root_3,root3_quant_0,descendant,quantized,0.9999220180163791,0.03409768208183116,-2.766305190415061,-0.02111039803684043,-0.011455071144202394,-0.011451004466707703,0.9999243415511355,0.9999220180163796,0.9999220180163796
P-SUSPECT,8200,root_3,root3_quant_1,descendant,quantized,0.9987184732988902,0.03408550747243417,-2.7677661041930754,-0.12927018005585098,-0.04638097720718521,-0.046385799831866886,0.9987566500456478,0.9987184732988906,0.9987184732988906
P-SUSPECT,8200,root_4,root4_cont_pt_same_0,descendant,continued_pretraining,0.9802791469858647,0.03452332567969356,-2.775465228520434,-0.5656676318700626,-0.08067769930795354,-0.08095143905213446,0.9807941416556503,0.9802791469858653,0.9802791469858653
P-SUSPECT,8200,root_4,root4_lora_0,descendant,lora_merge,0.9980883465997475,0.03444178507168856,-2.7655372905150806,-0.04769611022513682,-0.015648855295115293,-0.015658841239937774,0.9981349822292648,0.9980883465997478,0.9980883465997478
P-SUSPECT,8200,root_4,root4_prune_0,descendant,pruned,0.9918900224802645,0.03426394914362863,-2.7557844347303067,-0.5248947184477832,-0.11856051314658851,-0.11856051314658851,0.9921146583104284,0.991890022480264,0.991890022480264
P-SUSPECT,8200,root_4,root4_prune_1,descendant,pruned,0.9586119916096073,0.033484155293546564,-2.718919126442346,-2.421058863705703,-0.26257301956107093,-0.26257301956107093,0.9596468214115331,0.9586119916096072,0.9586119916096072
P-SUSPECT,8200,root_4,root4_prune_2,descendant,pruned,0.8615056426439794,0.031155009761543232,-2.6219595376449756,-7.069044591727066,-0.4585608732952985,-0.4585608732952985,0.8641051771111211,0.8615056426439796,0.8615056426439796
P-SUSPECT,8200,root_4,root4_quant_0,descendant,quantized,0.9999211298551917,0.034450312986211463,-2.7652434131129784,-0.020864748240842095,-0.011472759134717327,-0.011468910948477911,0.9999233201558039,0.9999211298551912,0.9999211298551912
P-SUSPECT,8200,root_4,root4_quant_1,descendant,quantized,0.9987077277868001,0.0344419880200778,-2.76667819916305,-0.12900198862591328,-0.046427906172817626,-0.04643400261408684,0.998743548477254,0.9987077277867993,0.9987077277867993
P-SUSPECT,8200,root_5,root5_cont_pt_same_0,descendant,continued_pretraining,0.9804647494079167,0.0350689298482558,-2.7754572630944816,-0.5669021190658472,-0.08057171909782977,-0.08084373809040343,0.9814471082365294,0.9809285404148572,0.9804647494079163
P-SUSPECT,8200,root_5,root5_lora_0,descendant,lora_merge,0.9968436240754189,0.03500116849517386,-2.7655050373836763,-0.046652565821157406,-0.015679593314013224,-0.01568752858647271,0.9980897405623321,0.9980403836609145,0.9968436240754185
P-SUSPECT,8200,root_5,root5_prune_0,descendant,pruned,0.9919689399456556,0.03479994366635882,-2.7558328417019395,-0.5235903110323625,-0.11825089635358313,-0.11825089635358313,0.9922601795353501,0.992026662314125,0.9919689399456558
P-SUSPECT,8200,root_5,root5_prune_1,descendant,pruned,0.9580338870753883,0.03401675489523642,-2.7189525162801287,-2.419465813924456,-0.2622770355314987,-0.2622770355314987,0.9601389867770355,0.9590558889362016,0.9580338870753881
P-SUSPECT,8200,root_5,root5_prune_2,descendant,pruned,0.8552961589095206,0.03163598931304878,-2.6219225106634965,-7.089171485264017,-0.45832698143484824,-0.45832698143484824,0.8665856495470532,0.8638751151834686,0.8552961589095207
P-SUSPECT,8200,root_5,root5_quant_0,descendant,quantized,0.9998553539236396,0.03500058971034837,-2.7652496861601703,-0.021495570894680828,-0.011795265197614917,-0.011791355812464809,0.9999194301029292,0.9999170069386887,0.9998553539236396
P-SUSPECT,8200,root_5,root5_quant_1,descendant,quantized,0.9985672983364178,0.034953871644226815,-2.766825819307889,-0.13705262253798786,-0.047744113648098094,-0.04775262925037644,0.9986784347918252,0.9986387705417298,0.9985672983364173
P-SUSPECT,8200,root_6,root6_cont_pt_same_0,descendant,continued_pretraining,0.9804870990550479,0.03355535261474782,-2.776825672395114,-0.5638455255643902,-0.08076695320158651,-0.08103503308060232,0.9810316855394131,0.9804870990550483,0.9804870990550483
P-SUSPECT,8200,root_6,root6_lora_0,descendant,lora_merge,0.9980860586691497,0.03351892264283183,-2.766851259825731,-0.04731611913239312,-0.015691248926656735,-0.015700125854836763,0.9981359617210385,0.9980860586691497,0.9980860586691497
P-SUSPECT,8200,root_6,root6_prune_0,descendant,pruned,0.9919496815446962,0.033322379368635906,-2.7571208290675973,-0.5208808616802992,-0.11832539492321412,-0.11832539492321412,0.9921914823841438,0.9919496815446965,0.9919496815446965
P-SUSPECT,8200,root_6,root6_prune_1,descendant,pruned,0.9589250360666094,0.03266157521193249,-2.7202125643920034,-2.398375302017232,-0.2622549340828418,-0.2622549340828418,0.9600358105024503,0.9589250360666096,0.9589250360666096
P-SUSPECT,8200,root_6,root6_prune_2,descendant,pruned,0.8623120975519486,0.030744409820381863,-2.6227034508794764,-7.061464059605236,-0.4581259764745296,-0.4581259764745296,0.8651201508139859,0.8623120975519488,0.8623120975519488
P-SUSPECT,8200,root_6,root6_quant_0,descendant,quantized,0.9999143452265513,0.033504211539000246,-2.7665906207475848,-0.021750240691950737,-0.011869488299701372,-0.011865211835436512,0.9999168966025148,0.9999143452265508,0.9999143452265508
P-SUSPECT,8200,root_6,root6_quant_1,descendant,quantized,0.9986025576603907,0.03345089100193128,-2.768236740677491,-0.1401099285786081,-0.04803895430235261,-0.04804523187621642,0.99864413059196,0.9986025576603907,0.9986025576603907
P-SUSPECT,8200,root_7,root7_cont_pt_same_0,descendant,continued_pretraining,0.9809358724505834,0.033654058875246605,-2.7763813499975596,-0.557638446118673,-0.08073366164373265,-0.08100137418811651,0.9814488899649604,0.9809358724505838,0.9809358724505838
P-SUSPECT,8200,root_7,root7_lora_0,descendant,lora_merge,0.9981570770160544,0.03363883745868309,-2.7665650018867285,-0.047390342412157935,-0.015569342743860619,-0.015578208714508922,0.9982017324834497,0.9981570770160548,0.9981570770160548
P-SUSPECT,8200,root_7,root7_prune_0,descendant,pruned,0.9919271949622323,0.033353518033736734,-2.7570040086349636,-0.5190775142449784,-0.11845277885309137,-0.11845277885309137,0.9921624375353697,0.9919271949622318,0.9919271949622318
P-SUSPECT,8200,root_7,root7_prune_1,descendant,pruned,0.9590391416804387,0.03275454070216378,-2.7200675077355085,-2.397416675065816,-0.2625162047226666,-0.2625162047226666,0.9601233517133022,0.9590391416804381,0.9590391416804381
P-SUSPECT,8200,root_7,root7_prune_2,descendant,pruned,0.8622708052354731,0.030775362710479152,-2.6225494709279635,-7.0236362441276246,-0.4585615842317483,-0.4585615842317483,0.8650643043453604,0.8622708052354726,0.8622708052354726
P-SUSPECT,8200,root_7,root7_quant_0,descendant,quantized,0.9999130623832687,0.0336294242623813,-2.7663573727959925,-0.02196352673391676,-0.011974377169613913,-0.011970341150077798,0.9999155869506949,0.9999130623832685,0.9999130623832685
P-SUSPECT,8200,root_7,root7_quant_1,descendant,quantized,0.9985790561883979,0.03357659908377818,-2.7680385511191457,-0.14277815708371194,-0.048475507125437016,-0.04848486726325519,0.9986202940825635,0.9985790561883979,0.9985790561883979
P-SUSPECT,8200,root_0,root0_distilled_0,non_descendant,distilled_student,0.0024624706510670727,0.0032661334163521815,-3.644848368903642,-36.092817444430274,-1.7283048531618792,-7.959833349606294,0.011680635961671284,-0.0005688675509706985,-0.0005480793341793273
P-SUSPECT,8200,root_1,root1_distilled_0,non_descendant,distilled_student,0.0017043490691576568,0.000596809191973004,-3.6620926503080735,-36.4214859548777,-1.7371748767508146,-10.158372500085513,0.01157183030125466,-0.0002523801313022483,-0.00014247273531752092
P-SUSPECT,8200,root_2,root2_distilled_0,non_descendant,distilled_student,0.0036173784361269155,0.0011447142125403495,-3.676983646947533,-37.109427561353634,-1.7444362799166744,-9.005653013456062,0.01361403916938514,0.002141057994159425,0.0021380246118232415
P-SUSPECT,8200,root_3,root3_distilled_0,non_descendant,distilled_student,0.003199533028573603,-0.0007208656182295173,-3.67748240867793,-37.06609892085373,-1.7442704787392092,-8.775861054237577,0.012363327910456192,0.0010499529880295155,0.0010738830051728683
P-SUSPECT,8200,root_4,root4_distilled_0,non_descendant,distilled_student,0.002131176601523812,-0.00014675982918641083,-3.661885114812942,-36.46787703535087,-1.736839770384,-14.407496902902494,0.01101153463037864,-9.744616199686567e-05,-0.00013613176792051022
P-SUSPECT,8200,root_5,root5_distilled_0,non_descendant,distilled_student,0.0025964362071894723,-8.023475055984358e-05,-3.669962703207833,-36.82860176586755,-1.7404400510318372,-8.49085721542591,0.009577929508981523,-0.0011489763472659193,-0.0009670853663912926
P-SUSPECT,8200,root_6,root6_distilled_0,non_descendant,distilled_student,0.0026042055624425024,0.000606882417290079,-3.6786187909797987,-37.29454722095744,-1.7452650914942207,-8.84002729610883,0.012284780182581423,0.0008402289709179803,0.0008710194830668567
P-SUSPECT,8200,root_7,root7_distilled_0,non_descendant,distilled_student,0.0003877797622586436,0.0005705308769891753,-3.654233773094547,-36.03336673265717,-1.7328390339998323,-8.78120940864286,0.010038287523368371,-0.0016898338055720639,-0.0020484337580835925
P-SUSPECT,8200,root_0,root_1,non_descendant,independent,0.002937873376229026,0.0020502228333129503,-2.820578938616008,-0.8570674089048341,-1.328525939277825,-3.377814777594607,0.025690808542416704,0.0003267664541001084,0.0003267664541001084
P-SUSPECT,8200,root_0,root_2,non_descendant,independent,0.002081833909948948,0.0030103295227628195,-2.817350601558713,-1.002411752056336,-1.3282893003903993,-3.3628871294835103,0.025155382104280782,-0.0008989664803101552,-0.0008989664803101552
P-SUSPECT,8200,root_0,root_3,non_descendant,independent,0.003795957407061758,-0.0018049060928978242,-2.8254496124517168,-0.838526528836746,-1.3321488320476746,-3.5860990044684224,0.027859429226164207,0.0019359307756677453,0.0019359307756677453
P-SUSPECT,8200,root_0,root_4,non_descendant,independent,0.002915986672729956,0.0012836610108459237,-2.8223155908600086,-0.7545296926629037,-1.3293678109580263,-3.387992789773957,0.025058236610957466,-7.542297401210904e-05,-7.542297401210904e-05
P-SUSPECT,8200,root_0,root_5,non_descendant,independent,0.0030881852908247846,0.0014109875660272785,-2.8208820250987534,-1.0933161351463987,-1.3294982720274378,-3.4363590904183785,0.02578479137002457,0.0001464731240206557,0.00014647312402065612
P-SUSPECT,8200,root_0,root_6,non_descendant,independent,0.0023980387683602755,0.0004746054882958024,-2.8190635203605505,-1.4821807929634603,-1.3284909218237977,-3.432879215360697,0.025950310410294188,-9.412408639875119e-05,-9.412408639875119e-05
P-SUSPECT,8200,root_0,root_7,non_descendant,independent,0.0024342319926478465,0.0003488428773494448,-2.8245853972543755,-0.6223803961314106,-1.331640444274168,-3.4787730345246226,0.025828151403397625,0.00017838989459831398,0.00017838989459831398
P-SUSPECT,8200,root_1,root_2,non_descendant,independent,0.0021691259595159247,0.0007455516379664414,-2.824764854552063,-0.653953168175811,-1.3307761073857605,-3.4377011273026095,0.026342220295505706,0.00040542251839800167,0.00040542251839800167
P-SUSPECT,8200,root_1,root_3,non_descendant,independent,0.002628279525307435,2.9309365606700212e-05,-2.8256499448479127,-0.5270540220571949,-1.3319261340145732,-3.5014437644198853,0.02654241777572802,0.0005763935752811319,0.0005763935752811319
P-SUSPECT,8200,root_1,root_4,non_descendant,independent,0.0033103601376454814,-0.0003496763321839031,-2.829221863642889,-0.41226717337298646,-1.332917725295347,-3.462221124766108,0.025376410830665275,0.0003357396339991206,0.0003357396339991206
P-SUSPECT,8200,root_1,root_5,non_descendant,independent,0.0009456293819014918,0.0033581344403778757,-2.8217514198369127,-0.6876583964916299,-1.3303751147824778,-3.3905814600939945,0.02558028937389352,2.419140169894987e-05,2.4191401699161865e-05
P-SUSPECT,8200,root_1,root_6,non_descendant,independent,0.003377833295876679,0.003905727604730396,-2.8170792034053176,-0.8531311277411149,-1.3273703435160107,-3.327899892181605,0.025937997864529116,-9.011832453363745e-05,-9.011832453363745e-05
P-SUSPECT,8200,root_1,root_7,non_descendant,independent,0.0019547064616585205,0.0010768926634515544,-2.827382027103031,-0.6849986542002484,-1.3323278076766498,-3.4437918698457226,0.027392325408231045,0.00195470646165853,0.00195470646165853
P-SUSPECT,8200,root_2,root_3,non_descendant,independent,0.0011921230678630429,-9.924634100819589e-05,-2.8281086336380854,-0.5665349105657971,-1.3332064918611792,-3.508056042926436,0.027411367626225046,0.0008043343251066246,0.0008043343251066246
P-SUSPECT,8200,root_2,root_4,non_descendant,independent,0.003302348604569925,-0.00047628388949070465,-2.8308297532800313,-0.7021872484284625,-1.3342964743610026,-3.5227942239257026,0.02463273093273495,-0.0010699572699716575,-0.0010699572699716575
P-SUSPECT,8200,root_2,root_5,non_descendant,independent,0.0026353776278695146,-0.0012715560226407767,-2.831237104049862,-1.006953064469159,-1.3340371967625133,-3.5189249275410917,0.027392722432373003,0.001238706150918108,0.0012387061509179828
P-SUSPECT,8200,root_2,root_6,non_descendant,independent,0.004101072236028815,0.0019275580853068085,-2.8225634819272507,-0.7219196829362651,-1.329841175263682,-3.3971495656764827,0.029155468642884857,0.0025752692843406025,0.0025752692843406025
P-SUSPECT,8200,root_2,root_7,non_descendant,independent,0.003056302467547923,0.0016791933514639131,-2.8282548744728677,-0.7131131824980093,-1.332421814025429,-3.4246194744908856,0.026353054917693644,0.0002019383874207519,0.0002019383874207519
P-SUSPECT,8200,root_3,root_4,non_descendant,independent,0.0015169211609620083,0.00249901582251768,-2.826666630956128,-0.5304935875477637,-1.3316194673427333,-3.3650591325950754,0.025646509299800377,-6.037293273706974e-05,-6.037293273706974e-05
P-SUSPECT,8200,root_3,root_5,non_descendant,independent,0.0003565610373602879,0.0014963085480203828,-2.826496765948328,-0.8535883410503871,-1.3318680479325318,-3.4013633956731266,0.02474250549612191,-0.001518850378000763,-0.0015188503780005115
P-SUSPECT,8200,root_3,root_6,non_descendant,independent,0.003782149820092289,0.0019833167169889154,-2.8228573794587546,-0.8843303086961178,-1.330007540834916,-3.377089169147388,0.027019097873077703,0.000345425902254614,0.000345425902254614
P-SUSPECT,8200,root_3,root_7,non_descendant,independent,0.002626797828853124,-0.0014649040123787963,-2.833853628857284,-0.6677866204259684,-1.3349139714079088,-3.5390672382823567,0.027252515511193846,0.0011153041271316773,0.0011153041271316773
P-SUSPECT,8200,root_4,root_5,non_descendant,independent,0.0035431571220304495,-0.00022518144320173592,-2.8269588888038437,-0.6778254702329767,-1.3322792811208803,-3.519676593985625,0.026906342241111394,0.001644649164221266,0.0016446491642214736
P-SUSPECT,8200,root_4,root_6,non_descendant,independent,0.0031034614395018183,0.0008490446991026362,-2.8211116734279607,-0.987652392005516,-1.3291480567528218,-3.420410046113008,0.02494676816242324,-0.0007806202107380238,-0.0007806202107380238
P-SUSPECT,8200,root_4,root_7,non_descendant,independent,0.0012978428326282097,-0.0008453254306312339,-2.830186474893947,-0.6394084402139201,-1.3334201272877861,-3.5298209495248525,0.02504513088343929,-0.00018590708807121834,-0.00018590708807121834
P-SUSPECT,8200,root_5,root_6,non_descendant,independent,0.0043266416335627465,0.0007255361086472502,-2.8232492533917894,-0.9979692168863168,-1.330267514816473,-3.4433793829969583,0.027888044991230442,0.0016594012240605137,0.0016594012240604321
P-SUSPECT,8200,root_5,root_7,non_descendant,independent,0.002713038770046781,0.001492128823007078,-2.82724878760574,-0.9946120397322641,-1.3326185781069153,-3.436592847578693,0.02700532664620432,0.001270732259188262,0.0012707322591878252
P-SUSPECT,8200,root_6,root_7,non_descendant,independent,0.003202968027796833,-0.0006164738442727104,-2.8350123452881806,-1.2199893296737936,-1.3363584818566316,-3.567770119900122,0.02761137632332461,0.0014269405683080421,0.0014269405683080421
P-SUSPECT,8300,root_0,root0_cont_pt_same_0,descendant,continued_pretraining,0.9808685077479637,0.034100337224430864,-2.775526805874279,-0.5561750847160739,-0.08092212229788844,-0.08119389764191108,0.9813732796817499,0.9808685077479639,0.9808685077479639
P-SUSPECT,8300,root_0,root0_lora_0,descendant,lora_merge,0.9981892266226206,0.03399714676812299,-2.7657781043998515,-0.04666366298221329,-0.015611520599315218,-0.01562072600478299,0.9982325776789979,0.9981892266226203,0.9981892266226203
P-SUSPECT,8300,root_0,root0_prune_0,descendant,pruned,0.9918938674588161,0.03380344205958233,-2.7561350368178887,-0.5277404703764358,-0.11850966715188282,-0.11850966715188282,0.9921270617921624,0.991893867458816,0.991893867458816
P-SUSPECT,8300,root_0,root0_prune_1,descendant,pruned,0.9585290201276,0.033093679970944076,-2.7191848322173326,-2.42740618012547,-0.26279057646048815,-0.26279057646048815,0.9596147996596588,0.9585290201275997,0.9585290201275997
P-SUSPECT,8300,root_0,root0_prune_2,descendant,pruned,0.8609128542602903,0.030825062223263366,-2.6219835186195577,-7.067292400363271,-0.4589269308961464,-0.4589269308961464,0.8636497911593475,0.8609128542602904,0.8609128542602904
P-SUSPECT,8300,root_0,root0_quant_0,descendant,quantized,0.9999191618338714,0.03400025309031769,-2.7655176191631696,-0.02158585610455453,-0.011662982505455496,-0.011658961948992895,0.9999214439565828,0.9999191618338718,0.9999191618338718
P-SUSPECT,8300,root_0,root0_quant_1,descendant,quantized,0.9986808607153469,0.03397437786600834,-2.76697546271502,-0.13266843671974204,-0.047209982926931376,-0.047217073619507145,0.9987180304593313,0.9986808607153469,0.9986808607153469
P-SUSPECT,8300,root_1,root1_cont_pt_same_0,descendant,continued_pretraining,0.9810088057572285,0.034285781073417586,-2.775812636734564,-0.5615033737914,-0.08071750941780041,-0.08098631519221218,0.9815146765394355,0.9810088057572287,0.9810088057572287
P-SUSPECT,8300,root_1,root1_lora_0,descendant,lora_merge,0.99824885569823,0.03426073065509061,-2.7658607315570847,-0.045723537782157764,-0.015555548317326395,-0.015564364451706685,0.9982921331647852,0.9982488556982293,0.9982488556982293
P-SUSPECT,8300,root_1,root1_prune_0,descendant,pruned,0.9919698000737539,0.034120608036349004,-2.7561011256485495,-0.5188756557837025,-0.11833816591724564,-0.11833816591724564,0.9921971900948731,0.9919698000737541,0.9919698000737541
P-SUSPECT,8300,root_1,root1_prune_1,descendant,pruned,0.9589259619669929,0.03329337857006854,-2.719360572778342,-2.4013074999583117,-0.26228415972622826,-0.26228415972622826,0.9599879384854805,0.958925961966993,0.958925961966993
P-SUSPECT,8300,root_1,root1_prune_2,descendant,pruned,0.8580856318776057,0.03139312746710906,-2.621711254277554,-7.012916645197306,-0.4583430073544423,-0.4583430073544423,0.8646010756665419,0.8618836619588768,0.8580856318776057
P-SUSPECT,8300,root_1,root1_quant_0,descendant,quantized,0.9999144777595386,0.03427804020487419,-2.765613585407166,-0.0218212639257794,-0.011893362799161826,-0.011889310796609156,0.9999169172901836,0.9999144777595387,0.9999144777595387
P-SUSPECT,8300,root_1,root1_quant_1,descendant,quantized,0.9985944762354896,0.03422435719082366,-2.767233972040324,-0.13944358839046778,-0.048137805088843105,-0.04814539031860654,0.9986345274241634,0.9985944762354899,0.9985944762354899
P-SUSPECT,8300,root_2,root2_cont_pt_same_0,descendant,continued_pretraining,0.9803796076584986,0.03423400704213167,-2.775314572208443,-0.5555248902534228,-0.08096341971242048,-0.0812294654418146,0.9809271584508757,0.9803796076584991,0.9803796076584991
P-SUSPECT,8300,root_2,root2_lora_0,descendant,lora_merge,0.9981571069092917,0.03416196669049204,-2.7654609493369824,-0.047094768042086066,-0.015620594658249564,-0.01562962566713924,0.9982042544475432,0.998157106909292,0.998157106909292
P-SUSPECT,8300,root_2,root2_prune_0,descendant,pruned,0.9919817605467954,0.0339474246743886,-2.7558220027146136,-0.519150969014881,-0.11831710138316023,-0.11831710138316023,0.9922235144362787,0.9919817605467953,0.9919817605467953
P-SUSPECT,8300,root_2,root2_prune_1,descendant,pruned,0.9589299197566142,0.03314398892461723,-2.7190814757172084,-2.3958200374396688,-0.2623302721580646,-0.2623302721580646,0.9600481132861335,0.9589299197566147,0.9589299197566147
P-SUSPECT,8300,root_2,root2_prune_2,descendant,pruned,0.8623148483220859,0.030989247553212706,-2.6220715284399003,-6.9978048457239055,-0.45838066474060113,-0.45838066474060113,0.8651356449158359,0.8623148483220852,0.8623148483220852
P-SUSPECT,8300,root_2,root2_quant_0,descendant,quantized,0.9999162369942546,0.03416999211740933,-2.7652280659854824,-0.021755063801363782,-0.011816333838781681,-0.011811990869484808,0.9999187970872748,0.9999162369942546,0.9999162369942546
P-SUSPECT,8300,root_2,root2_quant_1,descendant,quantized,0.9986324221303787,0.034166557174728614,-2.7667518823517248,-0.13658563883098032,-0.04783180545585911,-0.04783906996768096,0.9986741320589964,0.9986324221303781,0.9986324221303781
P-SUSPECT,8300,root_3,root3_cont_pt_same_0,descendant,continued_pretraining,0.9805859053547037,0.03387612871105008,-2.776682420590995,-0.566312625100716,-0.08118000981436271,-0.08145358349999803,0.9811311462825637,0.9805859053547041,0.9805859053547041
P-SUSPECT,8300,root_3,root3_lora_0,descendant,lora_merge,0.9981568433654613,0.033768839888552594,-2.7667378581055044,-0.046656845686523535,-0.015561138093913834,-0.015570206658381441,0.9982054976583918,0.9981568433654614,0.9981568433654614
P-SUSPECT,8300,root_3,root3_prune_0,descendant,pruned,0.9919655382236198,0.033622120878438556,-2.757007717850808,-0.5204827621666251,-0.118404454034231,-0.118404454034231,0.9922062273082398,0.9919655382236199,0.9919655382236199
P-SUSPECT,8300,root_3,root3_prune_1,descendant,pruned,0.9587086351754404,0.032808877130527096,-2.7201672566230597,-2.3980342455792574,-0.26239319694955243,-0.26239319694955243,0.9598333459881628,0.9587086351754402,0.9587086351754402
P-SUSPECT,8300,root_3,root3_prune_2,descendant,pruned,0.8617981984420929,0.030710460860832223,-2.622798776502351,-7.044831953320896,-0.4584057325063323,-0.4584057325063323,0.8646675049493414,0.8617981984420928,0.8617981984420928
P-SUSPECT,8300,root_3,root3_quant_0,descendant,quantized,0.9999220180163791,0.033782244786797214,-2.766489870900732,-0.021110398036841505,-0.011455071144202394,-0.011451004466707703,0.9999243415511355,0.9999220180163796,0.9999220180163796
P-SUSPECT,8300,root_3,root3_quant_1,descendant,quantized,0.9987184732988902,0.033743665230200844,-2.7679810646078784,-0.1292701800558505,-0.04638097720718521,-0.046385799831866886,0.9987566500456478,0.9987184732988906,0.9987184732988906
P-SUSPECT,8300,root_4,root4_cont_pt_same_0,descendant,continued_pretraining,0.9802791469858646,0.033849154138854344,-2.7762156118501795,-0.5656676318700585,-0.08067769930795354,-0.08095143905213446,0.9807941416556503,0.9802791469858653,0.9802791469858653
P-SUSPECT,8300,root_4,root4_lora_0,descendant,lora_merge,0.9980883465997473,0.033773833513327495,-2.76630588303788,-0.04769611022513442,-0.015648855295115293,-0.015658841239937774,0.9981349822292649,0.9980883465997478,0.9980883465997478
P-SUSPECT,8300,root_4,root4_prune_0,descendant,pruned,0.9918900224802645,0.033610157438268645,-2.7564956212807448,-0.5248947184477861,-0.11856051314658851,-0.11856051314658851,0.9921146583104284,0.9918900224802641,0.9918900224802641
P-SUSPECT,8300,root_4,root4_prune_1,descendant,pruned,0.9586119916096073,0.0328829754739867,-2.7195435105667367,-2.4210588637057007,-0.26257301956107093,-0.26257301956107093,0.9596468214115331,0.9586119916096073,0.9586119916096073
P-SUSPECT,8300,root_4,root4_prune_2,descendant,pruned,0.8615056426439794,0.030496772532271208,-2.6225570619861354,-7.0690445917270655,-0.4585608732952985,-0.4585608732952985,0.8641051771111211,0.8615056426439796,0.8615056426439796
P-SUSPECT,8300,root_4,root4_quant_0,descendant,quantized,0.9999211298551917,0.03379456335804556,-2.766008266484769,-0.020864748240840517,-0.011472759134717327,-0.011468910948477911,0.9999233201558039,0.9999211298551912,0.9999211298551912
P-SUSPECT,8300,root_4,root4_quant_1,descendant,quantized,0.9987077277868001,0.0337647978695314,-2.7674708961951047,-0.12900198862591228,-0.046427906172817626,-0.04643400261408684,0.998743548477254,0.9987077277867993,0.9987077277867993
P-SUSPECT,8300,root_5,root5_cont_pt_same_0,descendant,continued_pretraining,0.9804647494079167,0.03334561408638977,-2.7776752563037896,-0.5669021190658446,-0.08057171909782977,-0.08084373809040343,0.9814471082365296,0.9809285404148572,0.9804647494079165
P-SUSPECT,8300,root_5,root5_lora_0,descendant,lora_merge,0.9968436240754187,0.03320611565635366,-2.7678071568559752,-0.0466525658211563,-0.015679593314013224,-0.01568752858647271,0.998089740562332,0.9980403836609145,0.9968436240754185
P-SUSPECT,8300,root_5,root5_prune_0,descendant,pruned,0.9919689399456556,0.033102012204709694,-2.7580017438970326,-0.5235903110323642,-0.11825089635358313,-0.11825089635358313,0.9922601795353501,0.9920266623141248,0.9919689399456558
P-SUSPECT,8300,root_5,root5_prune_1,descendant,pruned,0.9580338870753883,0.03246958905488776,-2.7209411417571094,-2.4194658139244556,-0.2622770355314987,-0.2622770355314987,0.9601389867770358,0.9590558889362016,0.9580338870753881
P-SUSPECT,8300,root_5,root5_prune_2,descendant,pruned,0.8552961589095206,0.030307165784584904,-2.623614133583335,-7.089171485264015,-0.45832698143484824,-0.45832698143484824,0.8665856495470533,0.8638751151834686,0.8552961589095208
P-SUSPECT,8300,root_5,root5_quant_0,descendant,quantized,0.9998553539236396,0.033219852358846884,-2.7675292443041775,-0.021495570894678566,-0.011795265197614917,-0.011791355812464809,0.9999194301029292,0.9999170069386887,0.9998553539236396
P-SUSPECT,8300,root_5,root5_quant_1,descendant,quantized,0.9985672983364178,0.03315174899275249,-2.769143390164119,-0.1370526225379813,-0.047744113648098094,-0.04775262925037644,0.9986784347918252,0.9986387705417298,0.9985672983364173
P-SUSPECT,8300,root_6,root6_cont_pt_same_0,descendant,continued_pretraining,0.9804870990550479,0.03316881949115579,-2.7776285551826057,-0.5638455255643883,-0.08076695320158651,-0.08103503308060232,0.9810316855394131,0.9804870990550483,0.9804870990550483
P-SUSPECT,8300,root_6,root6_lora_0,descendant,lora_merge,0.9980860586691497,0.033045194253577104,-2.767794252257017,-0.04731611913239311,-0.015691248926656735,-0.015700125854836763,0.9981359617210384,0.9980860586691497,0.9980860586691497
P-SUSPECT,8300,root_6,root6_prune_0,descendant,pruned,0.9919496815446961,0.03285847548053343,-2.758057326058657,-0.5208808616802973,-0.11832539492321412,-0.11832539492321412,0.9921914823841438,0.9919496815446963,0.9919496815446963
P-SUSPECT,8300,root_6,root6_prune_1,descendant,pruned,0.9589250360666095,0.03215303046894145,-2.721066801708035,-2.3983753020172274,-0.2622549340828418,-0.2622549340828418,0.9600358105024505,0.9589250360666096,0.9589250360666096
P-SUSPECT,8300,root_6,root6_prune_2,descendant,pruned,0.8623120975519486,0.0302033094124847,-2.6236362222113656,-7.061464059605242,-0.4581259764745296,-0.4581259764745296,0.8651201508139859,0.8623120975519488,0.8623120975519488
P-SUSPECT,8300,root_6,root6_quant_0,descendant,quantized,0.9999143452265513,0.033044191668386576,-2.7675193604607027,-0.021750240691949693,-0.011869488299701372,-0.011865211835436512,0.9999168966025148,0.9999143452265508,0.9999143452265508
P-SUSPECT,8300,root_6,root6_quant_1,descendant,quantized,0.9986025576603907,0.033030666250476494,-2.7691165374769113,-0.1401099285786146,-0.04803895430235261,-0.04804523187621642,0.99864413059196,0.9986025576603907,0.9986025576603907
P-SUSPECT,8300,root_7,root7_cont_pt_same_0,descendant,continued_pretraining,0.9809358724505834,0.033968301984416215,-2.7757491807217,-0.5576384461186702,-0.08073366164373265,-0.08100137418811651,0.9814488899649602,0.9809358724505838,0.9809358724505838
P-SUSPECT,8300,root_7,root7_lora_0,descendant,lora_merge,0.9981570770160545,0.03388483184360347,-2.7659347711967333,-0.047390342412160336,-0.015569342743860619,-0.015578208714508922,0.9982017324834495,0.9981570770160549,0.9981570770160549
P-SUSPECT,8300,root_7,root7_prune_0,descendant,pruned,0.9919271949622323,0.033688548881021387,-2.7562705139611463,-0.5190775142449792,-0.11845277885309137,-0.11845277885309137,0.9921624375353697,0.991927194962232,0.991927194962232
P-SUSPECT,8300,root_7,root7_prune_1,descendant,pruned,0.9590391416804387,0.03286970154377255,-2.7194085377594015,-2.3974166750658163,-0.2625162047226666,-0.2625162047226666,0.9601233517133023,0.9590391416804378,0.9590391416804378
P-SUSPECT,8300,root_7,root7_prune_2,descendant,pruned,0.8622708052354731,0.030616007149165722,-2.622489958571378,-7.023636244127629,-0.4585615842317483,-0.4585615842317483,0.8650643043453604,0.8622708052354726,0.8622708052354726
P-SUSPECT,8300,root_7,root7_quant_0,descendant,quantized,0.9999130623832687,0.03386776715022993,-2.765740845617825,-0.02196352673391683,-0.011974377169613913,-0.011970341150077798,0.9999155869506949,0.9999130623832685,0.9999130623832685
P-SUSPECT,8300,root_7,root7_quant_1,descendant,quantized,0.9985790561883979,0.033806504285313586,-2.7673764902792626,-0.14277815708371053,-0.048475507125437016,-0.04848486726325519,0.9986202940825635,0.9985790561883979,0.9985790561883979
P-SUSPECT,8300,root_0,root0_distilled_0,non_descendant,distilled_student,0.0024624706510670705,0.003161472262506958,-3.6448635403011416,-36.092817444430274,-1.7283048531618792,-7.959833349606294,0.011680635961671279,-0.0005688675509706993,-0.0005480793341793283
P-SUSPECT,8300,root_1,root1_distilled_0,non_descendant,distilled_student,0.001704349069157655,0.000287668140021731,-3.6629061827050307,-36.42148595487771,-1.7371748767508146,-10.158372500085513,0.01157183030125466,-0.00025238013130225094,-0.0001424727353175235
P-SUSPECT,8300,root_2,root2_distilled_0,non_descendant,distilled_student,0.003617378436126911,0.0011762430544674455,-3.6770649554655606,-37.109427561353634,-1.7444362799166744,-9.005653013456062,0.013614039169385141,0.002141057994159425,0.0021380246118232415
P-SUSPECT,8300,root_3,root3_distilled_0,non_descendant,distilled_student,0.003199533028573604,-0.000722407330624209,-3.677094784314101,-37.066098920853726,-1.7442704787392092,-8.775861054237577,0.012363327910456199,0.0010499529880295178,0.0010738830051728711
P-SUSPECT,8300,root_4,root4_distilled_0,non_descendant,distilled_student,0.0021311766015238106,-0.0003494440101865879,-3.6613723122172552,-36.46787703535086,-1.736839770384,-14.407496902902494,0.011011534630378636,-9.744616199686764e-05,-0.00013613176792051234
P-SUSPECT,8300,root_5,root5_distilled_0,non_descendant,distilled_student,0.002596436207189476,0.0009428498313007553,-3.6685595647681732,-36.82860176586755,-1.7404400510318372,-8.49085721542591,0.009577929508981526,-0.001148976347265917,-0.0009670853663912908
P-SUSPECT,8300,root_6,root6_distilled_0,non_descendant,distilled_student,0.0026042055624425024,3.727106097630026e-05,-3.6804424623144434,-37.29454722095743,-1.7452650914942207,-8.84002729610883,0.012284780182581416,0.0008402289709179823,0.0008710194830668589
P-SUSPECT,8300,root_7,root7_distilled_0,non_descendant,distilled_student,0.000387779762258644,0.000764942038736029,-3.653645955796703,-36.03336673265716,-1.7328390339998323,-8.78120940864286,0.010038287523368368,-0.0016898338055720663,-0.0020484337580835934
P-SUSPECT,8300,root_0,root_1,non_descendant,independent,0.0029378733762290207,0.002613437543636613,-2.8191643236356287,-0.8570674089048345,-1.328525939277825,-3.377814777594607,0.025690808542416715,0.00032676645410011085,0.00032676645410011085
P-SUSPECT,8300,root_0,root_2,non_descendant,independent,0.002081833909948942,0.0020888956729216332,-2.8183618404449406,-1.002411752056326,-1.3282893003903993,-3.3628871294835103,0.025155382104280782,-0.0008989664803101508,-0.0008989664803101508
P-SUSPECT,8300,root_0,root_3,non_descendant,independent,0.0037959574070617606,-0.0022422019050849073,-2.8262949128315267,-0.8385265288367475,-1.3321488320476746,-3.5860990044684224,0.027859429226164207,0.0019359307756677423,0.0019359307756677423
P-SUSPECT,8300,root_0,root_4,non_descendant,independent,0.0029159866727299553,0.002282867174500746,-2.8215604346643586,-0.7545296926629015,-1.3293678109580263,-3.387992789773957,0.025058236610957473,-7.542297401210206e-05,-7.542297401210206e-05
P-SUSPECT,8300,root_0,root_5,non_descendant,independent,0.0030881852908247846,0.0014500261283408595,-2.821012836708713,-1.0933161351464031,-1.3294982720274378,-3.4363590904183785,0.02578479137002457,0.00014647312402065303,0.00014647312402065347
P-SUSPECT,8300,root_0,root_6,non_descendant,independent,0.0023980387683602737,0.0002722259800895593,-2.8187263442623265,-1.482180792963464,-1.3284909218237977,-3.432879215360697,0.025950310410294188,-9.412408639875227e-05,-9.412408639875227e-05
P-SUSPECT,8300,root_0,root_7,non_descendant,independent,0.0024342319926478457,5.079463195154339e-05,-2.825287412435228,-0.6223803961314083,-1.331640444274168,-3.4787730345246226,0.025828151403397618,0.00017838989459831179,0.00017838989459831179
P-SUSPECT,8300,root_1,root_2,non_descendant,independent,0.002169125959515921,0.0016841130391460413,-2.823645631245679,-0.6539531681758037,-1.3307761073857605,-3.4377011273026095,0.026342220295505713,0.0004054225183980002,0.0004054225183980002
P-SUSPECT,8300,root_1,root_3,non_descendant,independent,0.002628279525307434,0.00047531418071959224,-2.825640666067882,-0.5270540220571962,-1.3319261340145732,-3.5014437644198853,0.026542417775728022,0.000576393575281131,0.000576393575281131
P-SUSPECT,8300,root_1,root_4,non_descendant,independent,0.0033103601376454814,0.0007786110155140513,-2.8275336245250684,-0.4122671733729856,-1.332917725295347,-3.462221124766108,0.025376410830665275,0.00033573963399912256,0.00033573963399912256
P-SUSPECT,8300,root_1,root_5,non_descendant,independent,0.0009456293819014924,0.001941994513418215,-2.8233674828924427,-0.6876583964916324,-1.3303751147824778,-3.3905814600939945,0.02558028937389353,2.419140169894994e-05,2.4191401699161865e-05
P-SUSPECT,8300,root_1,root_6,non_descendant,independent,0.0033778332958766762,0.003705713890523932,-2.8172176617148055,-0.8531311277411165,-1.3273703435160107,-3.327899892181605,0.025937997864529105,-9.011832453364008e-05,-9.011832453364008e-05
P-SUSPECT,8300,root_1,root_7,non_descendant,independent,0.001954706461658525,0.0011389908792310193,-2.8265796440278916,-0.6849986542002462,-1.3323278076766498,-3.4437918698457226,0.027392325408231038,0.00195470646165853,0.00195470646165853
P-SUSPECT,8300,root_2,root_3,non_descendant,independent,0.0011921230678630412,-0.00020295801302077973,-2.828652169205385,-0.5665349105658023,-1.3332064918611792,-3.508056042926436,0.02741136762622504,0.0008043343251066211,0.0008043343251066211
P-SUSPECT,8300,root_2,root_4,non_descendant,independent,0.003302348604569922,0.0002943978182604419,-2.830957749912817,-0.7021872484284595,-1.3342964743610026,-3.5227942239257026,0.024632730932734954,-0.0010699572699716595,-0.0010699572699716595
P-SUSPECT,8300,root_2,root_5,non_descendant,independent,0.0026353776278695133,-0.0014141367684978928,-2.8309332315495417,-1.0069530644691642,-1.3340371967625133,-3.5189249275410917,0.027392722432373003,0.0012387061509181068,0.001238706150917981
P-SUSPECT,8300,root_2,root_6,non_descendant,independent,0.0041010722360288136,0.0010980094094802907,-2.822796908440936,-0.7219196829362682,-1.329841175263682,-3.3971495656764827,0.029155468642884857,0.0025752692843406034,0.0025752692843406034
P-SUSPECT,8300,root_2,root_7,non_descendant,independent,0.0030563024675479247,0.0018940428291630226,-2.8274481963470253,-0.713113182498006,-1.332421814025429,-3.4246194744908856,0.026353054917693654,0.00020193838742075545,0.00020193838742075545
P-SUSPECT,8300,root_3,root_4,non_descendant,independent,0.0015169211609620062,0.0031528668175960354,-2.8255705551261023,-0.5304935875477611,-1.3316194673427333,-3.3650591325950754,0.02564650929980038,-6.0372932737069416e-05,-6.0372932737069416e-05
P-SUSPECT,8300,root_3,root_5,non_descendant,independent,0.00035656103736028677,0.0016354737206748869,-2.8264980688260035,-0.8535883410503918,-1.3318680479325318,-3.4013633956731266,0.02474250549612191,-0.0015188503780007665,-0.001518850378000515
P-SUSPECT,8300,root_3,root_6,non_descendant,independent,0.0037821498200922912,0.002157363713110577,-2.821817400863981,-0.884330308696121,-1.330007540834916,-3.377089169147388,0.027019097873077696,0.00034542590225461776,0.00034542590225461776
P-SUSPECT,8300,root_3,root_7,non_descendant,independent,0.002626797828853123,-0.0006825627735293449,-2.833160896260958,-0.6677866204259656,-1.3349139714079088,-3.5390672382823567,0.027252515511193842,0.0011153041271316775,0.0011153041271316775
P-SUSPECT,8300,root_4,root_5,non_descendant,independent,0.003543157122030446,4.2130122685518786e-05,-2.8266624528831614,-0.6778254702329756,-1.3322792811208803,-3.519676593985625,0.026906342241111384,0.001644649164221262,0.0016446491642214695
P-SUSPECT,8300,root_4,root_6,non_descendant,independent,0.0031034614395018165,0.0010271924796811654,-2.8210927808670583,-0.9876523920055202,-1.3291480567528218,-3.420410046113008,0.024946768162423246,-0.0007806202107380239,-0.0007806202107380239
P-SUSPECT,8300,root_4,root_7,non_descendant,independent,0.0012978428326282118,-0.0009211666378099612,-2.8302408672741874,-0.6394084402139201,-1.3334201272877861,-3.5298209495248525,0.02504513088343929,-0.00018590708807121777,-0.00018590708807121777
P-SUSPECT,8300,root_5,root_6,non_descendant,independent,0.004326641633562748,0.0011859865601453281,-2.8231687019813707,-0.9979692168863228,-1.330267514816473,-3.4433793829969583,0.027888044991230435,0.0016594012240605143,0.0016594012240604328
P-SUSPECT,8300,root_5,root_7,non_descendant,independent,0.002713038770046783,0.0015724961684988206,-2.8276892169158407,-0.9946120397322605,-1.3326185781069153,-3.436592847578693,0.02700532664620432,0.0012707322591882597,0.0012707322591878232
P-SUSPECT,8300,root_6,root_7,non_descendant,independent,0.0032029680277968348,-0.00037963321863307837,-2.835121654858612,-1.2199893296737914,-1.3363584818566316,-3.567770119900122,0.027611376323324607,0.001426940568308041,0.001426940568308041
P-SUSPECT,8400,root_0,root0_cont_pt_same_0,descendant,continued_pretraining,0.9808685077479636,0.03479243934792111,-2.7756120434199385,-0.5561750847160737,-0.08092212229788844,-0.08119389764191108,0.9813732796817498,0.9808685077479641,0.9808685077479641
P-SUSPECT,8400,root_0,root0_lora_0,descendant,lora_merge,0.9981892266226203,0.03479124466302782,-2.7657378054626522,-0.046663662982212445,-0.015611520599315218,-0.01562072600478299,0.9982325776789979,0.9981892266226203,0.9981892266226203
P-SUSPECT,8400,root_0,root0_prune_0,descendant,pruned,0.9918938674588161,0.034647338303180106,-2.755934919403067,-0.5277404703764327,-0.11850966715188282,-0.11850966715188282,0.9921270617921621,0.991893867458816,0.991893867458816
P-SUSPECT,8400,root_0,root0_prune_1,descendant,pruned,0.9585290201276,0.03382760693823237,-2.7190556336309455,-2.427406180125475,-0.26279057646048815,-0.26279057646048815,0.9596147996596588,0.9585290201275997,0.9585290201275997
P-SUSPECT,8400,root_0,root0_prune_2,descendant,pruned,0.8609128542602903,0.03156002487653951,-2.621822228204849,-7.067292400363269,-0.4589269308961464,-0.4589269308961464,0.8636497911593475,0.8609128542602904,0.8609128542602904
P-SUSPECT,8400,root_0,root0_quant_0,descendant,quantized,0.9999191618338714,0.03478913868829803,-2.765489436456198,-0.021585856104552357,-0.011662982505455496,-0.011658961948992895,0.9999214439565828,0.9999191618338718,0.9999191618338718
P-SUSPECT,8400,root_0,root0_quant_1,descendant,quantized,0.9986808607153469,0.03474351519395915,-2.7669894352933158,-0.13266843671974288,-0.047209982926931376,-0.047217073619507145,0.9987180304593313,0.9986808607153469,0.9986808607153469
P-SUSPECT,8400,root_1,root1_cont_pt_same_0,descendant,continued_pretraining,0.9810088057572287,0.035037420592627815,-2.7747225211852227,-0.5615033737914022,-0.08071750941780041,-0.08098631519221218,0.9815146765394355,0.9810088057572287,0.9810088057572287
P-SUSPECT,8400,root_1,root1_lora_0,descendant,lora_merge,0.99824885569823,0.03502176341545904,-2.7647307537344163,-0.04572353778216069,-0.015555548317326395,-0.015564364451706685,0.9982921331647852,0.9982488556982293,0.9982488556982293
P-SUSPECT,8400,root_1,root1_prune_0,descendant,pruned,0.991969800073754,0.034862474231657316,-2.755037877478272,-0.5188756557837071,-0.11833816591724564,-0.11833816591724564,0.9921971900948731,0.9919698000737541,0.9919698000737541
P-SUSPECT,8400,root_1,root1_prune_1,descendant,pruned,0.9589259619669929,0.0340970165482088,-2.718169340686256,-2.4013074999583166,-0.26228415972622826,-0.26228415972622826,0.9599879384854804,0.958925961966993,0.958925961966993
P-SUSPECT,8400,root_1,root1_prune_2,descendant,pruned,0.8580856318776053,0.03171897643764796,-2.6212458826733114,-7.012916645197306,-0.4583430073544423,-0.4583430073544423,0.864601075666542,0.8618836619588767,0.8580856318776054
P-SUSPECT,8400,root_1,root1_quant_0,descendant,quantized,0.9999144777595386,0.03504681171156669,-2.7644730037955596,-0.021821263925779395,-0.011893362799161826,-0.011889310796609156,0.9999169172901836,0.9999144777595387,0.9999144777595387
P-SUSPECT,8400,root_1,root1_quant_1,descendant,quantized,0.9985944762354896,0.03500525736630146,-2.7660535114684546,-0.13944358839046708,-0.048137805088843105,-0.04814539031860654,0.9986345274241634,0.9985944762354899,0.9985944762354899
P-SUSPECT,8400,root_2,root2_cont_pt_same_0,descendant,continued_pretraining,0.9803796076584986,0.034952938773956395,-2.7746113602490676,-0.5555248902534239,-0.08096341971242048,-0.0812294654418146,0.9809271584508755,0.9803796076584989,0.9803796076584989
P-SUSPECT,8400,root_2,root2_lora_0,descendant,lora_merge,0.9981571069092917,0.03492724339199873,-2.764780613849029,-0.047094768042086406,-0.015620594658249564,-0.01562962566713924,0.9982042544475432,0.9981571069092919,0.9981571069092919
P-SUSPECT,8400,root_2,root2_prune_0,descendant,pruned,0.9919817605467954,0.03469896487127897,-2.7551692397477567,-0.5191509690148832,-0.11831710138316023,-0.11831710138316023,0.9922235144362787,0.9919817605467952,0.9919817605467952
P-SUSPECT,8400,root_2,root2_prune_1,descendant,pruned,0.9589299197566142,0.03374905564441824,-2.718589994022455,-2.3958200374396665,-0.2623302721580646,-0.2623302721580646,0.9600481132861335,0.9589299197566145,0.9589299197566145
P-SUSPECT,8400,root_2,root2_prune_2,descendant,pruned,0.8623148483220859,0.0314991383349116,-2.621548684530424,-6.997804845723904,-0.45838066474060113,-0.45838066474060113,0.8651356449158359,0.8623148483220852,0.8623148483220852
P-SUSPECT,8400,root_2,root2_quant_0,descendant,quantized,0.9999162369942546,0.034941280469596527,-2.7645608901973264,-0.02175506380136347,-0.011816333838781681,-0.011811990869484808,0.9999187970872748,0.9999162369942546,0.9999162369942546
P-SUSPECT,8400,root_2,root2_quant_1,descendant,quantized,0.9986324221303787,0.03490113309948726,-2.7661260551482347,-0.13658563883097585,-0.04783180545585911,-0.04783906996768096,0.9986741320589964,0.9986324221303781,0.9986324221303781
P-SUSPECT,8400,root_3,root3_cont_pt_same_0,descendant,continued_pretraining,0.9805859053547037,0.033514292746321846,-2.7767512607179095,-0.5663126251007183,-0.08118000981436271,-0.08145358349999803,0.9811311462825638,0.9805859053547041,0.9805859053547041
P-SUSPECT,8400,root_3,root3_lora_0,descendant,lora_merge,0.9981568433654613,0.033429555039570576,-2.766835157218937,-0.046656845686522744,-0.015561138093913834,-0.015570206658381441,0.9982054976583918,0.9981568433654614,0.9981568433654614
P-SUSPECT,8400,root_3,root3_prune_0,descendant,pruned,0.9919655382236195,0.0332558662607791,-2.757149979967535,-0.520482762166617,-0.118404454034231,-0.118404454034231,0.9922062273082397,0.9919655382236199,0.9919655382236199
P-SUSPECT,8400,root_3,root3_prune_1,descendant,pruned,0.9587086351754404,0.032587075243949104,-2.720149493116758,-2.3980342455792556,-0.26239319694955243,-0.26239319694955243,0.9598333459881628,0.9587086351754404,0.9587086351754404
P-SUSPECT,8400,root_3,root3_prune_2,descendant,pruned,0.8617981984420929,0.03044209549689329,-2.6228732746663166,-7.0448319533209,-0.4584057325063323,-0.4584057325063323,0.8646675049493414,0.8617981984420932,0.8617981984420932
P-SUSPECT,8400,root_3,root3_quant_0,descendant,quantized,0.9999220180163791,0.03342673206554645,-2.76661120137016,-0.02111039803683953,-0.011455071144202394,-0.011451004466707703,0.9999243415511355,0.9999220180163796,0.9999220180163796
P-SUSPECT,8400,root_3,root3_quant_1,descendant,quantized,0.9987184732988902,0.03339134129440324,-2.7680829069745103,-0.12927018005584906,-0.04638097720718521,-0.046385799831866886,0.9987566500456478,0.9987184732988906,0.9987184732988906
P-SUSPECT,8400,root_4,root4_cont_pt_same_0,descendant,continued_pretraining,0.9802791469858647,0.03404203227875165,-2.7764360206165004,-0.5656676318700594,-0.08067769930795354,-0.08095143905213446,0.9807941416556503,0.9802791469858652,0.9802791469858652
P-SUSPECT,8400,root_4,root4_lora_0,descendant,lora_merge,0.9980883465997475,0.0340172900101959,-2.766451834250255,-0.04769611022513303,-0.015648855295115293,-0.015658841239937774,0.9981349822292648,0.9980883465997478,0.9980883465997478
P-SUSPECT,8400,root_4,root4_prune_0,descendant,pruned,0.9918900224802645,0.03381414964727034,-2.7566392092044576,-0.5248947184477876,-0.11856051314658851,-0.11856051314658851,0.9921146583104287,0.991890022480264,0.991890022480264
P-SUSPECT,8400,root_4,root4_prune_1,descendant,pruned,0.9586119916096073,0.03296623783627139,-2.719877095581363,-2.421058863705702,-0.26257301956107093,-0.26257301956107093,0.9596468214115331,0.9586119916096073,0.9586119916096073
P-SUSPECT,8400,root_4,root4_prune_2,descendant,pruned,0.8615056426439794,0.03058067844922834,-2.6227759511143374,-7.0690445917270655,-0.4585608732952985,-0.4585608732952985,0.8641051771111211,0.8615056426439797,0.8615056426439797
P-SUSPECT,8400,root_4,root4_quant_0,descendant,quantized,0.9999211298551917,0.034020562562879136,-2.76617025168037,-0.02086474824084071,-0.011472759134717327,-0.011468910948477911,0.9999233201558039,0.9999211298551912,0.9999211298551912
P-SUSPECT,8400,root_4,root4_quant_1,descendant,quantized,0.9987077277868001,0.033972368540763805,-2.7676488698544426,-0.1290019886259131,-0.046427906172817626,-0.04643400261408684,0.998743548477254,0.9987077277867993,0.9987077277867993
P-SUSPECT,8400,root_5,root5_cont_pt_same_0,descendant,continued_pretraining,0.9804647494079166,0.034816840706557536,-2.775041938503545,-0.5669021190658466,-0.08057171909782977,-0.08084373809040343,0.9814471082365293,0.9809285404148569,0.9804647494079162
P-SUSPECT,8400,root_5,root5_lora_0,descendant,lora_merge,0.9968436240754187,0.03471211950283218,-2.7651200867899863,-0.046652565821157344,-0.015679593314013224,-0.01568752858647271,0.9980897405623322,0.9980403836609146,0.9968436240754186
P-SUSPECT,8400,root_5,root5_prune_0,descendant,pruned,0.9919689399456556,0.03452028437767849,-2.7554328356458426,-0.5235903110323635,-0.11825089635358313,-0.11825089635358313,0.99226017953535,0.992026662314125,0.9919689399456558
P-SUSPECT,8400,root_5,root5_prune_1,descendant,pruned,0.9580338870753881,0.0336735946677471,-2.71875004614094,-2.41946581392446,-0.2622770355314987,-0.2622770355314987,0.9601389867770357,0.9590558889362016,0.9580338870753881
P-SUSPECT,8400,root_5,root5_prune_2,descendant,pruned,0.8552961589095206,0.031576939396526386,-2.621428035520773,-7.089171485264017,-0.45832698143484824,-0.45832698143484824,0.8665856495470532,0.8638751151834686,0.8552961589095207
P-SUSPECT,8400,root_5,root5_quant_0,descendant,quantized,0.9998553539236396,0.03473005915832448,-2.764835445033606,-0.02149557089468003,-0.011795265197614917,-0.011791355812464809,0.9999194301029292,0.9999170069386887,0.9998553539236396
P-SUSPECT,8400,root_5,root5_quant_1,descendant,quantized,0.9985672983364178,0.03469039650665332,-2.766425578390499,-0.13705262253798436,-0.047744113648098094,-0.04775262925037644,0.9986784347918252,0.9986387705417298,0.9985672983364173
P-SUSPECT,8400,root_6,root6_cont_pt_same_0,descendant,continued_pretraining,0.9804870990550479,0.033196440794536104,-2.7772163827062566,-0.5638455255643852,-0.08076695320158651,-0.08103503308060232,0.9810316855394131,0.9804870990550483,0.9804870990550483
P-SUSPECT,8400,root_6,root6_lora_0,descendant,lora_merge,0.9980860586691497,0.033181671521000086,-2.7672666597589735,-0.047316119132393746,-0.015691248926656735,-0.015700125854836763,0.9981359617210384,0.9980860586691497,0.9980860586691497
P-SUSPECT,8400,root_6,root6_prune_0,descendant,pruned,0.9919496815446962,0.0330119223191657,-2.75749378351322,-0.5208808616802956,-0.11832539492321412,-0.11832539492321412,0.9921914823841438,0.9919496815446965,0.9919496815446965
P-SUSPECT,8400,root_6,root6_prune_1,descendant,pruned,0.9589250360666094,0.032516537645157724,-2.7202532193577564,-2.3983753020172323,-0.2622549340828418,-0.2622549340828418,0.9600358105024503,0.9589250360666096,0.9589250360666096
P-SUSPECT,8400,root_6,root6_prune_2,descendant,pruned,0.8623120975519486,0.030421038986502984,-2.6230067549865934,-7.06146405960524,-0.4581259764745296,-0.4581259764745296,0.8651201508139859,0.8623120975519489,0.8623120975519489
P-SUSPECT,8400,root_6,root6_quant_0,descendant,quantized,0.9999143452265513,0.033205012544233976,-2.7669658728005837,-0.02175024069195021,-0.011869488299701372,-0.011865211835436512,0.9999168966025148,0.9999143452265508,0.9999143452265508
P-SUSPECT,8400,root_6,root6_quant_1,descendant,quantized,0.9986025576603907,0.03316125686190965,-2.768613566481684,-0.14010992857860813,-0.04803895430235261,-0.04804523187621642,0.99864413059196,0.9986025576603907,0.9986025576603907
P-SUSPECT,8400,root_7,root7_cont_pt_same_0,descendant,continued_pretraining,0.9809358724505834,0.03503578889028125,-2.774579001651815,-0.5576384461186751,-0.08073366164373265,-0.08100137418811651,0.9814488899649602,0.9809358724505838,0.9809358724505838
P-SUSPECT,8400,root_7,root7_lora_0,descendant,lora_merge,0.9981570770160545,0.034931332198413954,-2.7648278299271842,-0.04739034241216032,-0.015569342743860619,-0.015578208714508922,0.9982017324834495,0.9981570770160548,0.9981570770160548
P-SUSPECT,8400,root_7,root7_prune_0,descendant,pruned,0.9919271949622321,0.03464416965058099,-2.755305208249796,-0.519077514244976,-0.11845277885309137,-0.11845277885309137,0.9921624375353696,0.9919271949622318,0.9919271949622318
P-SUSPECT,8400,root_7,root7_prune_1,descendant,pruned,0.9590391416804387,0.03390611193675803,-2.7183740733847315,-2.3974166750658163,-0.2625162047226666,-0.2625162047226666,0.9601233517133023,0.9590391416804378,0.9590391416804378
P-SUSPECT,8400,root_7,root7_prune_2,descendant,pruned,0.8622708052354732,0.0317922070269847,-2.6211753092005132,-7.023636244127626,-0.4585615842317483,-0.4585615842317483,0.8650643043453604,0.8622708052354726,0.8622708052354726
P-SUSPECT,8400,root_7,root7_quant_0,descendant,quantized,0.9999130623832687,0.034928006707666506,-2.764615806619486,-0.02196352673391586,-0.011974377169613913,-0.011970341150077798,0.9999155869506949,0.9999130623832685,0.9999130623832685
P-SUSPECT,8400,root_7,root7_quant_1,descendant,quantized,0.9985790561883979,0.034885480317111986,-2.7662782559264336,-0.1427781570837099,-0.048475507125437016,-0.04848486726325519,0.9986202940825635,0.9985790561883979,0.9985790561883979
P-SUSPECT,8400,root_0,root0_distilled_0,non_descendant,distilled_student,0.002462470651067074,0.0034143068811475566,-3.6445160153174885,-36.092817444430274,-1.7283048531618792,-7.959833349606294,0.011680635961671272,-0.0005688675509707004,-0.0005480793341793294
P-SUSPECT,8400,root_1,root1_distilled_0,non_descendant,distilled_student,0.0017043490691576544,0.0002003249660945015,-3.662471360531123,-36.4214859548777,-1.7371748767508146,-10.158372500085513,0.011571830301254664,-0.0002523801313022485,-0.00014247273531752078
P-SUSPECT,8400,root_2,root2_distilled_0,non_descendant,distilled_student,0.003617378436126913,0.0010189207564115788,-3.6772148640444104,-37.109427561353634,-1.7444362799166744,-9.005653013456062,0.013614039169385141,0.0021410579941594237,0.0021380246118232406
P-SUSPECT,8400,root_3,root3_distilled_0,non_descendant,distilled_student,0.0031995330285736062,-0.0006176049186207637,-3.6771160760813713,-37.06609892085372,-1.7442704787392092,-8.775861054237577,0.012363327910456199,0.0010499529880295157,0.0010738830051728687
P-SUSPECT,8400,root_4,root4_distilled_0,non_descendant,distilled_student,0.002131176601523809,-0.0010071402075687904,-3.6620837367143237,-36.46787703535086,-1.736839770384,-14.407496902902494,0.011011534630378636,-9.744616199686833e-05,-0.00013613176792051274
P-SUSPECT,8400,root_5,root5_distilled_0,non_descendant,distilled_student,0.0025964362071894745,0.00015404844621985566,-3.6689156662723756,-36.82860176586757,-1.7404400510318372,-8.49085721542591,0.009577929508981524,-0.0011489763472659154,-0.0009670853663912893
P-SUSPECT,8400,root_6,root6_distilled_0,non_descendant,distilled_student,0.0026042055624424985,0.00043492807529592293,-3.6797182643386814,-37.29454722095744,-1.7452650914942207,-8.84002729610883,0.012284780182581417,0.0008402289709179769,0.0008710194830668537
P-SUSPECT,8400,root_7,root7_distilled_0,non_descendant,distilled_student,0.0003877797622586438,0.0006408755392607301,-3.6543989259973744,-36.033366732657164,-1.7328390339998323,-8.78120940864286,0.010038287523368371,-0.0016898338055720632,-0.0020484337580835917
P-SUSPECT,8400,root_0,root_1,non_descendant,independent,0.0029378733762290194,0.0028402735495742944,-2.8195107495488316,-0.8570674089048298,-1.328525939277825,-3.377814777594607,0.025690808542416704,0.00032676645410011166,0.00032676645410011166
P-SUSPECT,8400,root_0,root_2,non_descendant,independent,0.0020818339099489447,0.0019552319914184395,-2.818534772147102,-1.0024117520563316,-1.3282893003903993,-3.3628871294835103,0.025155382104280782,-0.0008989664803101547,-0.0008989664803101547
P-SUSPECT,8400,root_0,root_3,non_descendant,independent,0.00379595740706176,-0.002555066591127168,-2.826418779757339,-0.8385265288367457,-1.3321488320476746,-3.5860990044684224,0.027859429226164207,0.0019359307756677449,0.0019359307756677449
P-SUSPECT,8400,root_0,root_4,non_descendant,independent,0.0029159866727299574,0.0015024411464759184,-2.822373075746402,-0.7545296926629049,-1.3293678109580263,-3.387992789773957,0.025058236610957477,-7.542297401210019e-05,-7.542297401210019e-05
P-SUSPECT,8400,root_0,root_5,non_descendant,independent,0.0030881852908247846,0.001349293459059166,-2.8209818915358102,-1.0933161351464027,-1.3294982720274378,-3.4363590904183785,0.02578479137002457,0.00014647312402064875,0.00014647312402064913
P-SUSPECT,8400,root_0,root_6,non_descendant,independent,0.0023980387683602772,0.00036681855611139916,-2.818178030764038,-1.4821807929634607,-1.3284909218237977,-3.432879215360697,0.02595031041029418,-9.412408639875018e-05,-9.412408639875018e-05
P-SUSPECT,8400,root_0,root_7,non_descendant,independent,0.002434231992647843,-0.00016608244950684232,-2.8251185581964706,-0.6223803961314057,-1.331640444274168,-3.4787730345246226,0.025828151403397625,0.00017838989459831084,0.00017838989459831084
P-SUSPECT,8400,root_1,root_2,non_descendant,independent,0.002169125959515922,0.0010101906386870041,-2.8248115445089312,-0.653953168175807,-1.3307761073857605,-3.4377011273026095,0.026342220295505706,0.00040542251839799864,0.00040542251839799864
P-SUSPECT,8400,root_1,root_3,non_descendant,independent,0.0026282795253074337,-9.722492417272677e-05,-2.8261184268425157,-0.5270540220571903,-1.3319261340145732,-3.5014437644198853,0.02654241777572802,0.000576393575281132,0.000576393575281132
P-SUSPECT,8400,root_1,root_4,non_descendant,independent,0.003310360137645478,0.0002516409506186336,-2.8278167018841622,-0.4122671733729832,-1.332917725295347,-3.462221124766108,0.025376410830665275,0.0003357396339991211,0.0003357396339991211
P-SUSPECT,8400,root_1,root_5,non_descendant,independent,0.000945629381901493,0.0019199715255806713,-2.822721704101764,-0.6876583964916309,-1.3303751147824778,-3.3905814600939945,0.025580289373893533,2.4191401698948423e-05,2.4191401699160422e-05
P-SUSPECT,8400,root_1,root_6,non_descendant,independent,0.0033778332958766793,0.0033559835525201528,-2.81744285601446,-0.8531311277411128,-1.3273703435160107,-3.327899892181605,0.02593799786452911,-9.011832453363433e-05,-9.011832453363433e-05
P-SUSPECT,8400,root_1,root_7,non_descendant,independent,0.0019547064616585253,0.0010707431560171767,-2.827065416413968,-0.6849986542002515,-1.3323278076766498,-3.4437918698457226,0.02739232540823104,0.001954706461658529,0.001954706461658529
P-SUSPECT,8400,root_2,root_3,non_descendant,independent,0.0011921230678630414,-0.0005956394245456789,-2.8279299789059484,-0.5665349105658019,-1.3332064918611792,-3.508056042926436,0.02741136762622504,0.0008043343251066251,0.0008043343251066251
P-SUSPECT,8400,root_2,root_4,non_descendant,independent,0.0033023486045699237,0.0005243923442397352,-2.8302683748890587,-0.702187248428459,-1.3342964743610026,-3.5227942239257026,0.02463273093273495,-0.0010699572699716595,-0.0010699572699716595
P-SUSPECT,8400,root_2,root_5,non_descendant,independent,0.0026353776278695133,-0.0015162401239028863,-2.8312807662097015,-1.0069530644691607,-1.3340371967625133,-3.5189249275410917,0.027392722432372993,0.0012387061509181079,0.0012387061509179823
P-SUSPECT,8400,root_2,root_6,non_descendant,independent,0.004101072236028811,0.001514081504092502,-2.8231393096796493,-0.7219196829362654,-1.329841175263682,-3.3971495656764827,0.029155468642884857,0.0025752692843406064,0.0025752692843406064
P-SUSPECT,8400,root_2,root_7,non_descendant,independent,0.003056302467547921,0.002546644891316077,-2.82688709066955,-0.7131131824980114,-1.332421814025429,-3.4246194744908856,0.026353054917693654,0.00020193838742075905,0.00020193838742075905
P-SUSPECT,8400,root_3,root_4,non_descendant,independent,0.0015169211609620062,0.0026315873318454148,-2.825794323847213,-0.5304935875477658,-1.3316194673427333,-3.3650591325950754,0.02564650929980038,-6.037293273706678e-05,-6.037293273706678e-05
P-SUSPECT,8400,root_3,root_5,non_descendant,independent,0.00035656103736028205,0.0021151870510443455,-2.825227761899447,-0.8535883410503897,-1.3318680479325318,-3.4013633956731266,0.024742505496121905,-0.0015188503780007637,-0.0015188503780005124
P-SUSPECT,8400,root_3,root_6,non_descendant,independent,0.0037821498200922878,0.0023830182222797547,-2.8220713298479594,-0.8843303086961182,-1.330007540834916,-3.377089169147388,0.027019097873077696,0.00034542590225461657,0.00034542590225461657
P-SUSPECT,8400,root_3,root_7,non_descendant,independent,0.002626797828853122,-0.00035506874054146457,-2.832572621075927,-0.6677866204259694,-1.3349139714079088,-3.5390672382823567,0.027252515511193842,0.0011153041271316755,0.0011153041271316755
P-SUSPECT,8400,root_4,root_5,non_descendant,independent,0.003543157122030446,0.0001503470205953512,-2.8263921564955137,-0.6778254702329767,-1.3322792811208803,-3.519676593985625,0.02690634224111138,0.0016446491642212657,0.0016446491642214736
P-SUSPECT,8400,root_4,root_6,non_descendant,independent,0.00310346143950182,0.001290188553424042,-2.8203325583481713,-0.9876523920055175,-1.3291480567528218,-3.420410046113008,0.024946768162423246,-0.0007806202107380261,-0.0007806202107380261
P-SUSPECT,8400,root_4,root_7,non_descendant,independent,0.0012978428326282131,-0.00032621585407800426,-2.8295610074066997,-0.6394084402139203,-1.3334201272877861,-3.5298209495248525,0.025045130883439282,-0.00018590708807121855,-0.00018590708807121855
P-SUSPECT,8400,root_5,root_6,non_descendant,independent,0.004326641633562748,0.0007776252093183297,-2.823262601393739,-0.9979692168863219,-1.330267514816473,-3.4433793829969583,0.027888044991230435,0.0016594012240605134,0.001659401224060432
P-SUSPECT,8400,root_5,root_7,non_descendant,independent,0.0027130387700467842,0.0017556368910546022,-2.8273289668628663,-0.994612039732261,-1.3326185781069153,-3.436592847578693,0.02700532664620432,0.0012707322591882625,0.0012707322591878256
P-SUSPECT,8400,root_6,root_7,non_descendant,independent,0.0032029680277968317,-0.001118742224460311,-2.835685485501445,-1.2199893296737954,-1.3363584818566316,-3.567770119900122,0.02761137632332461,0.0014269405683080473,0.0014269405683080473
