condition,seed,ref_id,sus_id,label,attack_type,centered_residual_signature,raw_weight_cosine,raw_aligned_frobenius,singular_value_distance,rebasin_frobenius,rebasin_scale_frobenius,raw_branch_product_cosine,centered_branch_product_cosine,centered_with_gating
P-BOTH,8000,root_0,root0_cont_pt_same_0,descendant,continued_pretraining,0.9808685077479637,0.03517672892097381,-2.7749912338203595,-0.5561750847160742,-0.08092212229788841,-0.08119389764191107,0.9813732796817499,0.9808685077479639,0.9808685077479639
P-BOTH,8000,root_0,root0_lora_0,descendant,lora_merge,0.9981892266226206,0.03514192041439224,-2.765182597142017,-0.046663662982215734,-0.015611520599315218,-0.015620726004782993,0.9982325776789978,0.9981892266226202,0.9981892266226202
P-BOTH,8000,root_0,root0_prune_0,descendant,pruned,0.9918938674588161,0.034837883827864506,-2.755635467113614,-0.5277404703764361,-0.11850966715188282,-0.11850966715188282,0.9921270617921624,0.9918938674588161,0.9918938674588161
P-BOTH,8000,root_0,root0_prune_1,descendant,pruned,0.9585290201276001,0.033995760773599934,-2.7187631969355928,-2.427406180125478,-0.26279057646048815,-0.26279057646048815,0.9596147996596588,0.9585290201275997,0.9585290201275997
P-BOTH,8000,root_0,root0_prune_2,descendant,pruned,0.8609128542602903,0.03172584353704871,-2.621527046983345,-7.067292400363265,-0.4589269308961464,-0.4589269308961464,0.8636497911593478,0.8609128542602904,0.8609128542602904
P-BOTH,8000,root_0,root0_quant_0,descendant,quantized,0.9999191618338714,0.035141867701634966,-2.764931496837143,-0.0215858561045535,-0.011662982505455496,-0.011658961948992894,0.9999214439565827,0.9999191618338718,0.9999191618338718
P-BOTH,8000,root_0,root0_quant_1,descendant,quantized,0.9986808607153468,0.035113827709451984,-2.7664094229527483,-0.1326684367197458,-0.04720998292693138,-0.04721707361950714,0.9987180304593314,0.9986808607153468,0.9986808607153468
P-BOTH,8000,root_1,root1_cont_pt_same_0,descendant,continued_pretraining,0.9810088057572285,0.03466215903974953,-2.775324350714017,-0.5615033737914015,-0.0807175094178004,-0.0809863151922122,0.9815146765394355,0.9810088057572286,0.9810088057572286
P-BOTH,8000,root_1,root1_lora_0,descendant,lora_merge,0.99824885569823,0.03463259464943299,-2.765308461816827,-0.04572353778216198,-0.015555548317326391,-0.015564364451706692,0.9982921331647853,0.9982488556982293,0.9982488556982293
P-BOTH,8000,root_1,root1_prune_0,descendant,pruned,0.991969800073754,0.03452063003783274,-2.7554913048123932,-0.5188756557836998,-0.11833816591724566,-0.11833816591724566,0.9921971900948728,0.9919698000737543,0.9919698000737543
P-BOTH,8000,root_1,root1_prune_1,descendant,pruned,0.9589259619669929,0.033820995558682405,-2.71855324411365,-2.4013074999583117,-0.2622841597262282,-0.2622841597262282,0.9599879384854805,0.958925961966993,0.958925961966993
P-BOTH,8000,root_1,root1_prune_2,descendant,pruned,0.8580856318776053,0.031666443327245074,-2.6213661558913235,-7.0129166451973015,-0.45834300735444217,-0.45834300735444217,0.864601075666542,0.8618836619588767,0.8580856318776054
P-BOTH,8000,root_1,root1_quant_0,descendant,quantized,0.9999144777595387,0.03464655975477426,-2.7650533349939326,-0.021821263925781518,-0.011893362799161825,-0.011889310796609149,0.9999169172901836,0.9999144777595387,0.9999144777595387
P-BOTH,8000,root_1,root1_quant_1,descendant,quantized,0.9985944762354895,0.03462794851555128,-2.766628090608995,-0.13944358839046683,-0.048137805088843105,-0.04814539031860654,0.9986345274241634,0.9985944762354899,0.9985944762354899
P-BOTH,8000,root_2,root2_cont_pt_same_0,descendant,continued_pretraining,0.9803796076584986,0.034203497024854694,-2.7756168227349685,-0.5555248902534279,-0.08096341971242048,-0.08122946544181459,0.9809271584508755,0.9803796076584991,0.9803796076584991
P-BOTH,8000,root_2,root2_lora_0,descendant,lora_merge,0.9981571069092917,0.03417362223801352,-2.7657580418242618,-0.047094768042086455,-0.015620594658249564,-0.01562962566713924,0.9982042544475432,0.9981571069092919,0.9981571069092919
P-BOTH,8000,root_2,root2_prune_0,descendant,pruned,0.9919817605467954,0.03399555956547588,-2.756108542250846,-0.5191509690148802,-0.11831710138316025,-0.11831710138316025,0.9922235144362787,0.9919817605467953,0.9919817605467953
P-BOTH,8000,root_2,root2_prune_1,descendant,pruned,0.9589299197566142,0.03332401501954372,-2.7191693988646377,-2.395820037439662,-0.2623302721580646,-0.2623302721580646,0.9600481132861334,0.9589299197566147,0.9589299197566147
P-BOTH,8000,root_2,root2_prune_2,descendant,pruned,0.8623148483220858,0.0310337588584113,-2.6221598652859077,-6.997804845723899,-0.45838066474060113,-0.45838066474060113,0.8651356449158359,0.862314848322085,0.862314848322085
P-BOTH,8000,root_2,root2_quant_0,descendant,quantized,0.9999162369942547,0.034168955781850426,-2.765555738676742,-0.021755063801364362,-0.011816333838781685,-0.011811990869484807,0.9999187970872748,0.9999162369942546,0.9999162369942546
P-BOTH,8000,root_2,root2_quant_1,descendant,quantized,0.9986324221303787,0.034151848471605274,-2.767090270904345,-0.136585638830981,-0.04783180545585913,-0.047839069967680975,0.9986741320589964,0.9986324221303781,0.9986324221303781
P-BOTH,8000,root_3,root3_cont_pt_same_0,descendant,continued_pretraining,0.9805859053547038,0.03500518113398372,-2.775118473306154,-0.566312625100717,-0.0811800098143627,-0.08145358349999796,0.9811311462825637,0.9805859053547041,0.9805859053547041
P-BOTH,8000,root_3,root3_lora_0,descendant,lora_merge,0.9981568433654613,0.034941109190599236,-2.7651411925701224,-0.04665684568652388,-0.015561138093913827,-0.01557020665838144,0.998205497658392,0.9981568433654614,0.9981568433654614
P-BOTH,8000,root_3,root3_prune_0,descendant,pruned,0.9919655382236199,0.03473530967430219,-2.7554938702764304,-0.5204827621666245,-0.118404454034231,-0.118404454034231,0.9922062273082397,0.9919655382236199,0.9919655382236199
P-BOTH,8000,root_3,root3_prune_1,descendant,pruned,0.9587086351754404,0.03387796602462057,-2.7187026302337993,-2.3980342455792587,-0.26239319694955243,-0.26239319694955243,0.9598333459881628,0.9587086351754402,0.9587086351754402
P-BOTH,8000,root_3,root3_prune_2,descendant,pruned,0.8617981984420929,0.03173834577982798,-2.621435641509739,-7.044831953320903,-0.45840573250633226,-0.45840573250633226,0.8646675049493413,0.8617981984420929,0.8617981984420929
P-BOTH,8000,root_3,root3_quant_0,descendant,quantized,0.9999220180163791,0.03493905120319878,-2.7649069793793735,-0.021110398036837782,-0.01145507114420239,-0.011451004466707701,0.9999243415511354,0.9999220180163794,0.9999220180163794
P-BOTH,8000,root_3,root3_quant_1,descendant,quantized,0.9987184732988901,0.03490064560983661,-2.7663991804636874,-0.12927018005584362,-0.04638097720718518,-0.04638579983186688,0.9987566500456478,0.9987184732988906,0.9987184732988906
P-BOTH,8000,root_4,root4_cont_pt_same_0,descendant,continued_pretraining,0.9802791469858647,0.03427287212843822,-2.7763001272122376,-0.5656676318700602,-0.08067769930795354,-0.08095143905213446,0.9807941416556502,0.9802791469858655,0.9802791469858655
P-BOTH,8000,root_4,root4_lora_0,descendant,lora_merge,0.9980883465997473,0.03421430658521972,-2.76634468116484,-0.047696110225133787,-0.015648855295115293,-0.01565884123993777,0.9981349822292648,0.9980883465997478,0.9980883465997478
P-BOTH,8000,root_4,root4_prune_0,descendant,pruned,0.9918900224802644,0.03408132921887228,-2.7565147098710496,-0.5248947184477855,-0.1185605131465885,-0.1185605131465885,0.9921146583104283,0.9918900224802639,0.9918900224802639
P-BOTH,8000,root_4,root4_prune_1,descendant,pruned,0.9586119916096073,0.033153947162435214,-2.719837492009704,-2.4210588637056984,-0.26257301956107093,-0.26257301956107093,0.9596468214115332,0.9586119916096075,0.9586119916096075
P-BOTH,8000,root_4,root4_prune_2,descendant,pruned,0.8615056426439794,0.030754626763918127,-2.622806694414131,-7.069044591727064,-0.4585608732952985,-0.4585608732952985,0.8641051771111211,0.8615056426439797,0.8615056426439797
P-BOTH,8000,root_4,root4_quant_0,descendant,quantized,0.9999211298551917,0.03422972463134463,-2.7660469249510933,-0.02086474824084082,-0.011472759134717327,-0.011468910948477911,0.9999233201558039,0.9999211298551912,0.9999211298551912
P-BOTH,8000,root_4,root4_quant_1,descendant,quantized,0.9987077277867998,0.03415857491641225,-2.767557158017935,-0.1290019886259145,-0.04642790617281761,-0.04643400261408683,0.9987435484772539,0.9987077277867993,0.9987077277867993
P-BOTH,8000,root_5,root5_cont_pt_same_0,descendant,continued_pretraining,0.9804647494079166,0.03412278158551578,-2.7758332893599613,-0.5669021190658471,-0.0805717190978298,-0.08084373809040345,0.9814471082365296,0.980928540414857,0.9804647494079163
P-BOTH,8000,root_5,root5_lora_0,descendant,lora_merge,0.9968436240754189,0.034112581298982994,-2.765797741114814,-0.046652565821155186,-0.015679593314013224,-0.01568752858647271,0.9980897405623322,0.9980403836609145,0.9968436240754185
P-BOTH,8000,root_5,root5_prune_0,descendant,pruned,0.9919689399456556,0.03392494986463147,-2.756109987672923,-0.5235903110323662,-0.11825089635358316,-0.11825089635358316,0.99226017953535,0.992026662314125,0.9919689399456559
P-BOTH,8000,root_5,root5_prune_1,descendant,pruned,0.9580338870753883,0.03314910948130396,-2.7192844292124043,-2.4194658139244605,-0.2622770355314988,-0.2622770355314988,0.9601389867770355,0.9590558889362016,0.9580338870753881
P-BOTH,8000,root_5,root5_prune_2,descendant,pruned,0.8552961589095206,0.03097729056968009,-2.6220752467401307,-7.089171485264017,-0.45832698143484835,-0.45832698143484835,0.8665856495470532,0.8638751151834686,0.8552961589095207
P-BOTH,8000,root_5,root5_quant_0,descendant,quantized,0.9998553539236396,0.034126997839312875,-2.765520596511511,-0.02149557089468102,-0.011795265197614917,-0.01179135581246481,0.9999194301029294,0.9999170069386887,0.9998553539236396
P-BOTH,8000,root_5,root5_quant_1,descendant,quantized,0.9985672983364178,0.03408203240746178,-2.7671089161323756,-0.13705262253798878,-0.0477441136480981,-0.04775262925037646,0.9986784347918252,0.9986387705417298,0.9985672983364173
P-BOTH,8000,root_6,root6_cont_pt_same_0,descendant,continued_pretraining,0.9804870990550482,0.03377511646343615,-2.7768940313706443,-0.5638455255643904,-0.08076695320158653,-0.08103503308060232,0.9810316855394133,0.9804870990550483,0.9804870990550483
P-BOTH,8000,root_6,root6_lora_0,descendant,lora_merge,0.9980860586691498,0.03370784224474708,-2.7669724283509822,-0.04731611913239852,-0.015691248926656732,-0.01570012585483676,0.9981359617210382,0.9980860586691497,0.9980860586691497
P-BOTH,8000,root_6,root6_prune_0,descendant,pruned,0.9919496815446962,0.03354493630598326,-2.757208492266045,-0.52088086168029,-0.11832539492321414,-0.11832539492321414,0.9921914823841438,0.9919496815446965,0.9919496815446965
P-BOTH,8000,root_6,root6_prune_1,descendant,pruned,0.9589250360666095,0.032927213003333296,-2.720154114484478,-2.398375302017231,-0.2622549340828418,-0.2622549340828418,0.9600358105024503,0.9589250360666095,0.9589250360666095
P-BOTH,8000,root_6,root6_prune_2,descendant,pruned,0.8623120975519486,0.03087995583857664,-2.622987936185348,-7.061464059605237,-0.45812597647452963,-0.45812597647452963,0.8651201508139857,0.8623120975519489,0.8623120975519489
P-BOTH,8000,root_6,root6_quant_0,descendant,quantized,0.9999143452265514,0.03371287861748218,-2.766686786239496,-0.02175024069195174,-0.011869488299701372,-0.011865211835436517,0.9999168966025147,0.9999143452265509,0.9999143452265509
P-BOTH,8000,root_6,root6_quant_1,descendant,quantized,0.9986025576603906,0.03365965800194158,-2.7683410601216307,-0.14010992857861293,-0.04803895430235259,-0.04804523187621644,0.99864413059196,0.9986025576603907,0.9986025576603907
P-BOTH,8000,root_7,root7_cont_pt_same_0,descendant,continued_pretraining,0.9809358724505834,0.035243894916565814,-2.774128906180342,-0.5576384461186712,-0.08073366164373266,-0.08100137418811647,0.9814488899649602,0.9809358724505838,0.9809358724505838
P-BOTH,8000,root_7,root7_lora_0,descendant,lora_merge,0.9981570770160545,0.035148149781271905,-2.7644177157903687,-0.047390342412159565,-0.015569342743860624,-0.015578208714508929,0.9982017324834497,0.9981570770160549,0.9981570770160549
P-BOTH,8000,root_7,root7_prune_0,descendant,pruned,0.9919271949622323,0.0350017035381296,-2.7546886133172728,-0.51907751424498,-0.11845277885309137,-0.11845277885309137,0.9921624375353697,0.9919271949622317,0.9919271949622317
P-BOTH,8000,root_7,root7_prune_1,descendant,pruned,0.9590391416804387,0.03415165442103164,-2.717922619706567,-2.397416675065821,-0.2625162047226666,-0.2625162047226666,0.9601233517133027,0.9590391416804381,0.9590391416804381
P-BOTH,8000,root_7,root7_prune_2,descendant,pruned,0.8622708052354732,0.03190084803225527,-2.6208413067964287,-7.023636244127631,-0.4585615842317482,-0.4585615842317482,0.8650643043453604,0.8622708052354727,0.8622708052354727
P-BOTH,8000,root_7,root7_quant_0,descendant,quantized,0.9999130623832687,0.03514550944022258,-2.7642054611924407,-0.02196352673391567,-0.011974377169613913,-0.011970341150077796,0.9999155869506949,0.9999130623832685,0.9999130623832685
P-BOTH,8000,root_7,root7_quant_1,descendant,quantized,0.9985790561883979,0.03508447123826763,-2.765889997304919,-0.14277815708371128,-0.048475507125437,-0.048484867263255176,0.9986202940825636,0.9985790561883979,0.9985790561883979
P-BOTH,8000,root_0,root0_distilled_0,non_descendant,distilled_student,0.002462470651067071,0.002774334489914132,-3.6450336297337387,-36.092817444430274,-1.7283048531618794,-7.959833349606296,0.01168063596167127,-0.0005688675509707037,-0.0005480793341793327
P-BOTH,8000,root_1,root1_distilled_0,non_descendant,distilled_student,0.0017043490691576587,0.0006265085169795051,-3.6625216867464094,-36.4214859548777,-1.737174876750814,-10.158372500085509,0.011571830301254665,-0.0002523801313022475,-0.0001424727353175201
P-BOTH,8000,root_2,root2_distilled_0,non_descendant,distilled_student,0.0036173784361269137,0.0004625358781820921,-3.678557801271028,-37.109427561353634,-1.7444362799166746,-9.005653013456067,0.013614039169385138,0.002141057994159429,0.0021380246118232454
P-BOTH,8000,root_3,root3_distilled_0,non_descendant,distilled_student,0.0031995330285736062,-0.0010354305520056941,-3.6771254050830353,-37.066098920853726,-1.7442704787392083,-8.775861054237577,0.012363327910456195,0.0010499529880295142,0.0010738830051728674
P-BOTH,8000,root_4,root4_distilled_0,non_descendant,distilled_student,0.002131176601523813,-0.0006740236194799806,-3.66185027434698,-36.467877035350845,-1.7368397703839995,-14.407496902902498,0.011011534630378636,-9.744616199687036e-05,-0.0001361317679205152
P-BOTH,8000,root_5,root5_distilled_0,non_descendant,distilled_student,0.002596436207189475,0.000427297384208266,-3.66884766775172,-36.82860176586758,-1.740440051031838,-8.490857215425912,0.00957792950898153,-0.0011489763472659177,-0.0009670853663912921
P-BOTH,8000,root_6,root6_distilled_0,non_descendant,distilled_student,0.002604205562442496,-0.00024007139590255955,-3.6810343367091427,-37.29454722095745,-1.74526509149422,-8.84002729610883,0.012284780182581417,0.0008402289709179767,0.0008710194830668532
P-BOTH,8000,root_7,root7_distilled_0,non_descendant,distilled_student,0.00038777976225864654,0.0002562214272578056,-3.654637153273364,-36.033366732657164,-1.7328390339998323,-8.781209408642859,0.010038287523368375,-0.0016898338055720598,-0.00204843375808359
P-BOTH,8000,root_0,root_1,non_descendant,independent,0.0029378733762290186,0.002957379691867632,-2.819132356806574,-0.8570674089048295,-1.3285259392778253,-3.377814777594606,0.025690808542416704,0.00032676645410010114,0.00032676645410010114
P-BOTH,8000,root_0,root_2,non_descendant,independent,0.0020818339099489464,0.0022288529021860836,-2.818326237671948,-1.0024117520563285,-1.3282893003903993,-3.362887129483511,0.025155382104280782,-0.0008989664803101559,-0.0008989664803101559
P-BOTH,8000,root_0,root_3,non_descendant,independent,0.0037959574070617554,-0.0024491585567290924,-2.826186624116801,-0.8385265288367485,-1.3321488320476742,-3.5860990044684224,0.027859429226164214,0.0019359307756677492,0.0019359307756677492
P-BOTH,8000,root_0,root_4,non_descendant,independent,0.0029159866727299527,0.0012495958725242458,-2.822727862488072,-0.7545296926629066,-1.3293678109580263,-3.387992789773957,0.02505823661095748,-7.54229740121047e-05,-7.54229740121047e-05
P-BOTH,8000,root_0,root_5,non_descendant,independent,0.0030881852908247833,0.0011350194386083512,-2.8210014184044603,-1.093316135146403,-1.3294982720274382,-3.436359090418378,0.025784791370024582,0.00014647312402065048,0.00014647312402065092
P-BOTH,8000,root_0,root_6,non_descendant,independent,0.002398038768360279,0.0010919130090068637,-2.818183845566754,-1.4821807929634603,-1.3284909218237975,-3.432879215360698,0.02595031041029418,-9.412408639874938e-05,-9.412408639874938e-05
P-BOTH,8000,root_0,root_7,non_descendant,independent,0.0024342319926478457,-8.706903045257047e-05,-2.8253833349925537,-0.6223803961313978,-1.331640444274168,-3.478773034524622,0.025828151403397632,0.00017838989459831667,0.00017838989459831667
P-BOTH,8000,root_1,root_2,non_descendant,independent,0.0021691259595159234,0.0018518778986986483,-2.8234551316543697,-0.6539531681758126,-1.3307761073857607,-3.4377011273026086,0.026342220295505706,0.00040542251839800655,0.00040542251839800655
P-BOTH,8000,root_1,root_3,non_descendant,independent,0.002628279525307436,0.00019550415365327662,-2.825928315434753,-0.527054022057198,-1.3319261340145723,-3.501443764419885,0.026542417775728012,0.0005763935752811324,0.0005763935752811324
P-BOTH,8000,root_1,root_4,non_descendant,independent,0.003310360137645478,0.00095106929835999,-2.82765297207017,-0.4122671733729825,-1.332917725295347,-3.462221124766108,0.025376410830665278,0.0003357396339991236,0.0003357396339991236
P-BOTH,8000,root_1,root_5,non_descendant,independent,0.0009456293819014907,0.0018894448584794617,-2.8235739443844836,-0.6876583964916276,-1.3303751147824778,-3.390581460093994,0.025580289373893533,2.4191401698949145e-05,2.4191401699161143e-05
P-BOTH,8000,root_1,root_6,non_descendant,independent,0.0033778332958766762,0.0029043033092253823,-2.818138008823219,-0.8531311277411158,-1.3273703435160102,-3.3278998921816045,0.025937997864529116,-9.011832453363698e-05,-9.011832453363698e-05
P-BOTH,8000,root_1,root_7,non_descendant,independent,0.0019547064616585283,0.0013100692159558776,-2.8268394474056975,-0.6849986542002494,-1.3323278076766496,-3.4437918698457213,0.02739232540823104,0.001954706461658527,0.001954706461658527
P-BOTH,8000,root_2,root_3,non_descendant,independent,0.001192123067863041,0.00010274815666828361,-2.828037797468527,-0.5665349105657991,-1.3332064918611792,-3.5080560429264365,0.02741136762622504,0.0008043343251066213,0.0008043343251066213
P-BOTH,8000,root_2,root_4,non_descendant,independent,0.0033023486045699237,0.0006471717942915037,-2.8304144638058095,-0.7021872484284585,-1.3342964743610028,-3.5227942239257026,0.02463273093273495,-0.0010699572699716614,-0.0010699572699716614
P-BOTH,8000,root_2,root_5,non_descendant,independent,0.0026353776278695146,-0.0007066169751749448,-2.830320396946504,-1.006953064469162,-1.3340371967625133,-3.518924927541091,0.027392722432372993,0.0012387061509181077,0.001238706150917982
P-BOTH,8000,root_2,root_6,non_descendant,independent,0.004101072236028813,0.0018497438773833648,-2.822239014850512,-0.721919682936268,-1.3298411752636823,-3.397149565676482,0.029155468642884864,0.0025752692843406073,0.0025752692843406073
P-BOTH,8000,root_2,root_7,non_descendant,independent,0.0030563024675479256,0.002287670332016422,-2.8272533124219406,-0.7131131824980108,-1.332421814025429,-3.4246194744908856,0.026353054917693654,0.00020193838742075675,0.00020193838742075675
P-BOTH,8000,root_3,root_4,non_descendant,independent,0.0015169211609620053,0.002707986577947874,-2.8259033906629027,-0.5304935875477609,-1.3316194673427335,-3.365059132595075,0.025646509299800373,-6.037293273706978e-05,-6.037293273706978e-05
P-BOTH,8000,root_3,root_5,non_descendant,independent,0.00035656103736028574,0.0014656495095760934,-2.8261960540135815,-0.8535883410503838,-1.3318680479325318,-3.4013633956731253,0.024742505496121902,-0.0015188503780007676,-0.001518850378000516
P-BOTH,8000,root_3,root_6,non_descendant,independent,0.0037821498200922826,0.0022709018444834104,-2.821749524368648,-0.8843303086961223,-1.3300075408349152,-3.3770891691473874,0.027019097873077696,0.00034542590225461765,0.00034542590225461765
P-BOTH,8000,root_3,root_7,non_descendant,independent,0.002626797828853117,9.287348080471838e-06,-2.8320903192413285,-0.6677866204259643,-1.3349139714079084,-3.5390672382823567,0.027252515511193853,0.0011153041271316792,0.0011153041271316792
P-BOTH,8000,root_4,root_5,non_descendant,independent,0.003543157122030447,3.300520946897979e-05,-2.8257752045623263,-0.6778254702329808,-1.3322792811208803,-3.519676593985625,0.02690634224111139,0.0016446491642212646,0.0016446491642214721
P-BOTH,8000,root_4,root_6,non_descendant,independent,0.0031034614395018217,0.0013847894561062214,-2.820530207845772,-0.9876523920055192,-1.3291480567528213,-3.420410046113008,0.02494676816242325,-0.0007806202107380239,-0.0007806202107380239
P-BOTH,8000,root_4,root_7,non_descendant,independent,0.001297842832628211,-0.0006123607334896276,-2.8294614933947617,-0.6394084402139223,-1.3334201272877855,-3.5298209495248507,0.025045130883439296,-0.00018590708807122156,-0.00018590708807122156
P-BOTH,8000,root_5,root_6,non_descendant,independent,0.004326641633562748,0.0008437690110864453,-2.8231126665374,-0.9979692168863228,-1.3302675148164733,-3.4433793829969592,0.027888044991230435,0.001659401224060517,0.0016594012240604354
P-BOTH,8000,root_5,root_7,non_descendant,independent,0.0027130387700467825,0.0007844150080922011,-2.8279542806299593,-0.9946120397322585,-1.3326185781069155,-3.436592847578693,0.02700532664620431,0.0012707322591882552,0.0012707322591878187
P-BOTH,8000,root_6,root_7,non_descendant,independent,0.003202968027796828,-0.0010067482822094448,-2.835240630291164,-1.2199893296737943,-1.3363584818566314,-3.5677701199001213,0.02761137632332461,0.0014269405683080426,0.0014269405683080426
P-BOTH,8100,root_0,root0_cont_pt_same_0,descendant,continued_pretraining,0.9808685077479637,0.03398613080568609,-2.7754697210157464,-0.5561750847160732,-0.0809221222978884,-0.08119389764191108,0.9813732796817498,0.9808685077479639,0.9808685077479639
P-BOTH,8100,root_0,root0_lora_0,descendant,lora_merge,0.9981892266226206,0.03386753044078044,-2.765777578258693,-0.046663662982216,-0.015611520599315221,-0.01562072600478299,0.9982325776789978,0.9981892266226203,0.9981892266226203
P-BOTH,8100,root_0,root0_prune_0,descendant,pruned,0.9918938674588161,0.03368479686093835,-2.7560643086158243,-0.5277404703764408,-0.11850966715188282,-0.11850966715188282,0.9921270617921624,0.991893867458816,0.991893867458816
P-BOTH,8100,root_0,root0_prune_1,descendant,pruned,0.9585290201276,0.03283668302032596,-2.719243653365875,-2.4274061801254807,-0.26279057646048815,-0.26279057646048815,0.9596147996596588,0.9585290201275999,0.9585290201275999
P-BOTH,8100,root_0,root0_prune_2,descendant,pruned,0.8609128542602901,0.030601576746529763,-2.6219575717559893,-7.067292400363271,-0.4589269308961464,-0.4589269308961464,0.8636497911593479,0.8609128542602904,0.8609128542602904
P-BOTH,8100,root_0,root0_quant_0,descendant,quantized,0.9999191618338714,0.03386343109833972,-2.765539949393651,-0.021585856104550938,-0.011662982505455496,-0.01165896194899289,0.9999214439565827,0.9999191618338718,0.9999191618338718
P-BOTH,8100,root_0,root0_quant_1,descendant,quantized,0.9986808607153467,0.033836534411504936,-2.7670118681735296,-0.13266843671974307,-0.047209982926931376,-0.047217073619507145,0.9987180304593313,0.9986808607153469,0.9986808607153469
P-BOTH,8100,root_1,root1_cont_pt_same_0,descendant,continued_pretraining,0.9810088057572285,0.03337126276195619,-2.777185549148924,-0.5615033737914045,-0.0807175094178004,-0.08098631519221214,0.9815146765394355,0.9810088057572287,0.9810088057572287
P-BOTH,8100,root_1,root1_lora_0,descendant,lora_merge,0.99824885569823,0.03327826155816306,-2.767296654679615,-0.04572353778216303,-0.015555548317326391,-0.015564364451706694,0.9982921331647852,0.9982488556982294,0.9982488556982294
P-BOTH,8100,root_1,root1_prune_0,descendant,pruned,0.9919698000737539,0.03307461779601754,-2.7576044376553495,-0.5188756557837019,-0.11833816591724561,-0.11833816591724561,0.9921971900948728,0.9919698000737543,0.9919698000737543
P-BOTH,8100,root_1,root1_prune_1,descendant,pruned,0.9589259619669929,0.032532463458219966,-2.7204469058697662,-2.4013074999583157,-0.2622841597262282,-0.2622841597262282,0.9599879384854804,0.958925961966993,0.958925961966993
P-BOTH,8100,root_1,root1_prune_2,descendant,pruned,0.8580856318776053,0.030299230422054832,-2.6233194099086106,-7.0129166451973015,-0.45834300735444217,-0.45834300735444217,0.864601075666542,0.8618836619588768,0.8580856318776057
P-BOTH,8100,root_1,root1_quant_0,descendant,quantized,0.9999144777595387,0.03330708012616688,-2.767021517924753,-0.02182126392577698,-0.011893362799161821,-0.011889310796609154,0.9999169172901835,0.9999144777595387,0.9999144777595387
P-BOTH,8100,root_1,root1_quant_1,descendant,quantized,0.9985944762354896,0.033275951600891716,-2.7686027510948943,-0.13944358839047077,-0.04813780508884309,-0.04814539031860653,0.9986345274241634,0.9985944762354899,0.9985944762354899
P-BOTH,8100,root_2,root2_cont_pt_same_0,descendant,continued_pretraining,0.9803796076584986,0.03444523298609336,-2.775344470521584,-0.5555248902534192,-0.08096341971242048,-0.0812294654418146,0.9809271584508755,0.9803796076584991,0.9803796076584991
P-BOTH,8100,root_2,root2_lora_0,descendant,lora_merge,0.9981571069092919,0.034464239657060504,-2.76541864008497,-0.04709476804208016,-0.01562059465824956,-0.01562962566713924,0.998204254447543,0.998157106909292,0.998157106909292
P-BOTH,8100,root_2,root2_prune_0,descendant,pruned,0.9919817605467954,0.03426628942138433,-2.755802921704684,-0.5191509690148826,-0.11831710138316018,-0.11831710138316018,0.9922235144362787,0.9919817605467953,0.9919817605467953
P-BOTH,8100,root_2,root2_prune_1,descendant,pruned,0.9589299197566142,0.03344125126980984,-2.7190539365066053,-2.395820037439667,-0.26233027215806454,-0.26233027215806454,0.9600481132861335,0.9589299197566147,0.9589299197566147
P-BOTH,8100,root_2,root2_prune_2,descendant,pruned,0.8623148483220859,0.031261706139691085,-2.6219624495301006,-6.99780484572391,-0.458380664740601,-0.458380664740601,0.8651356449158358,0.8623148483220854,0.8623148483220854
P-BOTH,8100,root_2,root2_quant_0,descendant,quantized,0.9999162369942546,0.034483669561428315,-2.765184620066359,-0.021755063801360257,-0.011816333838781683,-0.01181199086948481,0.9999187970872746,0.9999162369942544,0.9999162369942544
P-BOTH,8100,root_2,root2_quant_1,descendant,quantized,0.9986324221303788,0.03443613267484816,-2.7667699195031887,-0.13658563883098046,-0.04783180545585911,-0.047839069967680954,0.9986741320589964,0.9986324221303781,0.9986324221303781
P-BOTH,8100,root_3,root3_cont_pt_same_0,descendant,continued_pretraining,0.9805859053547037,0.03341050062329919,-2.777386774362645,-0.5663126251007176,-0.08118000981436269,-0.08145358349999794,0.9811311462825638,0.9805859053547042,0.9805859053547042
P-BOTH,8100,root_3,root3_lora_0,descendant,lora_merge,0.9981568433654613,0.033349451679748704,-2.767450095427597,-0.04665684568652753,-0.015561138093913825,-0.015570206658381432,0.998205497658392,0.9981568433654614,0.9981568433654614
P-BOTH,8100,root_3,root3_prune_0,descendant,pruned,0.9919655382236198,0.03313462675231287,-2.7579374892982202,-0.5204827621666254,-0.11840445403423097,-0.11840445403423097,0.9922062273082398,0.9919655382236198,0.9919655382236198
P-BOTH,8100,root_3,root3_prune_1,descendant,pruned,0.9587086351754404,0.032449610529772834,-2.7208842563548163,-2.3980342455792636,-0.2623931969495523,-0.2623931969495523,0.9598333459881628,0.9587086351754402,0.9587086351754402
P-BOTH,8100,root_3,root3_prune_2,descendant,pruned,0.8617981984420929,0.03041831008549511,-2.6234617997851197,-7.044831953320905,-0.458405732506332,-0.458405732506332,0.8646675049493414,0.8617981984420929,0.8617981984420929
P-BOTH,8100,root_3,root3_quant_0,descendant,quantized,0.9999220180163791,0.0333540975432626,-2.767218268892147,-0.02111039803683994,-0.011455071144202385,-0.011451004466707704,0.9999243415511355,0.9999220180163794,0.9999220180163794
P-BOTH,8100,root_3,root3_quant_1,descendant,quantized,0.9987184732988902,0.03335236947442329,-2.768670056021678,-0.1292701800558492,-0.04638097720718517,-0.04638579983186687,0.9987566500456478,0.9987184732988906,0.9987184732988906
P-BOTH,8100,root_4,root4_cont_pt_same_0,descendant,continued_pretraining,0.9802791469858647,0.03439864382785381,-2.7762650669181284,-0.5656676318700686,-0.08067769930795353,-0.08095143905213446,0.9807941416556502,0.9802791469858655,0.9802791469858655
P-BOTH,8100,root_4,root4_lora_0,descendant,lora_merge,0.9980883465997475,0.03431975420853777,-2.766326136988641,-0.047696110225137714,-0.015648855295115296,-0.01565884123993777,0.9981349822292648,0.9980883465997478,0.9980883465997478
P-BOTH,8100,root_4,root4_prune_0,descendant,pruned,0.9918900224802644,0.034146647482732016,-2.7565474908029364,-0.5248947184477812,-0.11856051314658851,-0.11856051314658851,0.9921146583104287,0.9918900224802644,0.9918900224802644
P-BOTH,8100,root_4,root4_prune_1,descendant,pruned,0.9586119916096073,0.03348321708013798,-2.7195041523099586,-2.421058863705697,-0.262573019561071,-0.262573019561071,0.9596468214115331,0.9586119916096073,0.9586119916096073
P-BOTH,8100,root_4,root4_prune_2,descendant,pruned,0.8615056426439794,0.03125237708774367,-2.6222558169826966,-7.069044591727057,-0.4585608732952985,-0.4585608732952985,0.8641051771111211,0.8615056426439796,0.8615056426439796
P-BOTH,8100,root_4,root4_quant_0,descendant,quantized,0.9999211298551917,0.03433970410340839,-2.76603076249902,-0.02086474824084352,-0.011472759134717327,-0.011468910948477911,0.9999233201558039,0.9999211298551912,0.9999211298551912
P-BOTH,8100,root_4,root4_quant_1,descendant,quantized,0.9987077277867998,0.03429757374675894,-2.7675097758831932,-0.12900198862591777,-0.046427906172817605,-0.04643400261408684,0.998743548477254,0.9987077277867993,0.9987077277867993
P-BOTH,8100,root_5,root5_cont_pt_same_0,descendant,continued_pretraining,0.9804647494079167,0.03380563677479818,-2.777144435882687,-0.5669021190658425,-0.08057171909782981,-0.08084373809040345,0.9814471082365296,0.9809285404148572,0.9804647494079165
P-BOTH,8100,root_5,root5_lora_0,descendant,lora_merge,0.996843624075419,0.03376244962595562,-2.767131526546288,-0.046652565821156705,-0.015679593314013224,-0.01568752858647271,0.9980897405623321,0.9980403836609145,0.9968436240754185
P-BOTH,8100,root_5,root5_prune_0,descendant,pruned,0.9919689399456558,0.03364295892740721,-2.757327654596112,-0.5235903110323643,-0.11825089635358318,-0.11825089635358318,0.9922601795353501,0.992026662314125,0.9919689399456559
P-BOTH,8100,root_5,root5_prune_1,descendant,pruned,0.9580338870753883,0.03301641490961531,-2.720241637784882,-2.419465813924466,-0.2622770355314987,-0.2622770355314987,0.9601389867770355,0.9590558889362016,0.9580338870753881
P-BOTH,8100,root_5,root5_prune_2,descendant,pruned,0.8552961589095206,0.03071854502358413,-2.6230817859224005,-7.089171485264021,-0.45832698143484824,-0.45832698143484824,0.8665856495470532,0.8638751151834686,0.8552961589095208
P-BOTH,8100,root_5,root5_quant_0,descendant,quantized,0.9998553539236396,0.03377401936101498,-2.7668540808555964,-0.021495570894680703,-0.01179526519761492,-0.011791355812464805,0.9999194301029292,0.9999170069386887,0.9998553539236396
P-BOTH,8100,root_5,root5_quant_1,descendant,quantized,0.9985672983364178,0.03372490295277176,-2.76843518020972,-0.1370526225379841,-0.0477441136480981,-0.04775262925037645,0.9986784347918252,0.9986387705417298,0.9985672983364173
P-BOTH,8100,root_6,root6_cont_pt_same_0,descendant,continued_pretraining,0.9804870990550478,0.033759838637736565,-2.776725373619931,-0.5638455255643903,-0.08076695320158651,-0.08103503308060231,0.981031685539413,0.9804870990550484,0.9804870990550484
P-BOTH,8100,root_6,root6_lora_0,descendant,lora_merge,0.9980860586691497,0.03369155730285767,-2.7668006704397587,-0.04731611913239931,-0.01569124892665673,-0.015700125854836756,0.9981359617210384,0.9980860586691498,0.9980860586691498
P-BOTH,8100,root_6,root6_prune_0,descendant,pruned,0.9919496815446962,0.03358349016298492,-2.7569566508113246,-0.52088086168029,-0.11832539492321414,-0.11832539492321414,0.9921914823841438,0.9919496815446965,0.9919496815446965
P-BOTH,8100,root_6,root6_prune_1,descendant,pruned,0.9589250360666095,0.03292564368340257,-2.719993854436501,-2.3983753020172287,-0.26225493408284173,-0.26225493408284173,0.9600358105024505,0.9589250360666096,0.9589250360666096
P-BOTH,8100,root_6,root6_prune_2,descendant,pruned,0.8623120975519486,0.030949815335303776,-2.6227341533546094,-7.0614640596052345,-0.4581259764745296,-0.4581259764745296,0.8651201508139859,0.8623120975519489,0.8623120975519489
P-BOTH,8100,root_6,root6_quant_0,descendant,quantized,0.9999143452265513,0.03370140192431694,-2.7665068787058207,-0.021750240691950706,-0.01186948829970137,-0.011865211835436514,0.9999168966025147,0.9999143452265508,0.9999143452265508
P-BOTH,8100,root_6,root6_quant_1,descendant,quantized,0.9986025576603907,0.03364574613211277,-2.7681819844418594,-0.1401099285786152,-0.04803895430235259,-0.04804523187621642,0.99864413059196,0.9986025576603907,0.9986025576603907
P-BOTH,8100,root_7,root7_cont_pt_same_0,descendant,continued_pretraining,0.9809358724505833,0.0332164559462295,-2.777544051595384,-0.5576384461186749,-0.08073366164373263,-0.08100137418811648,0.9814488899649602,0.9809358724505836,0.9809358724505836
P-BOTH,8100,root_7,root7_lora_0,descendant,lora_merge,0.9981570770160544,0.03320955385535837,-2.767670874077172,-0.047390342412162424,-0.015569342743860619,-0.015578208714508917,0.9982017324834497,0.9981570770160549,0.9981570770160549
P-BOTH,8100,root_7,root7_prune_0,descendant,pruned,0.9919271949622321,0.03301902681040213,-2.7579759302598443,-0.5190775142449742,-0.11845277885309133,-0.11845277885309133,0.9921624375353697,0.9919271949622318,0.9919271949622318
P-BOTH,8100,root_7,root7_prune_1,descendant,pruned,0.9590391416804387,0.03222100931651792,-2.7210809179760718,-2.397416675065811,-0.2625162047226666,-0.2625162047226666,0.9601233517133023,0.9590391416804381,0.9590391416804381
P-BOTH,8100,root_7,root7_prune_2,descendant,pruned,0.8622708052354731,0.02993846761872994,-2.623928006252066,-7.0236362441276246,-0.45856158423174803,-0.45856158423174803,0.8650643043453604,0.8622708052354726,0.8622708052354726
P-BOTH,8100,root_7,root7_quant_0,descendant,quantized,0.9999130623832687,0.03320908750365598,-2.7674482595304575,-0.02196352673391577,-0.011974377169613904,-0.011970341150077791,0.9999155869506949,0.9999130623832686,0.9999130623832686
P-BOTH,8100,root_7,root7_quant_1,descendant,quantized,0.9985790561883979,0.03321482992811875,-2.769061826965615,-0.14277815708371244,-0.048475507125436995,-0.04848486726325518,0.9986202940825635,0.9985790561883979,0.9985790561883979
P-BOTH,8100,root_0,root0_distilled_0,non_descendant,distilled_student,0.002462470651067072,0.0031566235420535534,-3.6451618504192953,-36.09281744443026,-1.7283048531618803,-7.959833349606296,0.011680635961671267,-0.000568867550970703,-0.000548079334179332
P-BOTH,8100,root_1,root1_distilled_0,non_descendant,distilled_student,0.0017043490691576561,-5.660516902621995e-05,-3.6628658972454384,-36.4214859548777,-1.737174876750814,-10.15837250008551,0.01157183030125466,-0.00025238013130224893,-0.00014247273531752143
P-BOTH,8100,root_2,root2_distilled_0,non_descendant,distilled_student,0.0036173784361269137,0.0008868401542750518,-3.6779338281376135,-37.10942756135365,-1.7444362799166748,-9.005653013456062,0.013614039169385141,0.0021410579941594293,0.002138024611823246
P-BOTH,8100,root_3,root3_distilled_0,non_descendant,distilled_student,0.003199533028573608,-0.00023699230343927948,-3.6760454074998465,-37.066098920853726,-1.7442704787392078,-8.775861054237575,0.012363327910456197,0.001049952988029515,0.0010738830051728685
P-BOTH,8100,root_4,root4_distilled_0,non_descendant,distilled_student,0.002131176601523812,-0.0003037044198431333,-3.661844728687688,-36.46787703535086,-1.736839770384,-14.407496902902487,0.011011534630378636,-9.744616199686606e-05,-0.00013613176792051047
P-BOTH,8100,root_5,root5_distilled_0,non_descendant,distilled_student,0.0025964362071894814,-0.0003441471282808912,-3.6698777320971847,-36.828601765867575,-1.7404400510318376,-8.490857215425915,0.009577929508981528,-0.0011489763472659158,-0.00096708536639129
P-BOTH,8100,root_6,root6_distilled_0,non_descendant,distilled_student,0.0026042055624424976,0.0006523250455832469,-3.6795403154123285,-37.29454722095743,-1.7452650914942198,-8.840027296108827,0.012284780182581417,0.0008402289709179795,0.0008710194830668562
P-BOTH,8100,root_7,root7_distilled_0,non_descendant,distilled_student,0.0003877797622586444,0.000524732434638694,-3.653962110569442,-36.03336673265718,-1.7328390339998316,-8.781209408642852,0.010038287523368371,-0.0016898338055720639,-0.002048433758083591
P-BOTH,8100,root_0,root_1,non_descendant,independent,0.0029378733762290186,0.0033364217220068666,-2.818849934306475,-0.857067408904831,-1.328525939277825,-3.377814777594606,0.025690808542416715,0.00032676645410010803,0.00032676645410010803
P-BOTH,8100,root_0,root_2,non_descendant,independent,0.002081833909948944,0.0017061751050334564,-2.8188371837226347,-1.0024117520563236,-1.3282893003903993,-3.3628871294835103,0.02515538210428078,-0.0008989664803101573,-0.0008989664803101573
P-BOTH,8100,root_0,root_3,non_descendant,independent,0.003795957407061762,-0.002013025603023359,-2.824981483697835,-0.8385265288367445,-1.3321488320476742,-3.5860990044684242,0.027859429226164203,0.0019359307756677492,0.0019359307756677492
P-BOTH,8100,root_0,root_4,non_descendant,independent,0.0029159866727299544,0.0016828286503856248,-2.821144886718525,-0.754529692662902,-1.3293678109580258,-3.387992789773957,0.025058236610957473,-7.542297401209805e-05,-7.542297401209805e-05
P-BOTH,8100,root_0,root_5,non_descendant,independent,0.0030881852908247846,0.0012688262561399457,-2.8209772416125616,-1.0933161351463971,-1.3294982720274378,-3.4363590904183785,0.02578479137002457,0.0001464731240206526,0.00014647312402065303
P-BOTH,8100,root_0,root_6,non_descendant,independent,0.0023980387683602707,0.0005228887766696246,-2.8183347154927745,-1.4821807929634556,-1.3284909218237977,-3.432879215360697,0.025950310410294188,-9.412408639875205e-05,-9.412408639875205e-05
P-BOTH,8100,root_0,root_7,non_descendant,independent,0.002434231992647851,-4.346458898006253e-06,-2.8254447892898003,-0.6223803961314064,-1.3316404442741672,-3.4787730345246226,0.02582815140339763,0.00017838989459831528,0.00017838989459831528
P-BOTH,8100,root_1,root_2,non_descendant,independent,0.0021691259595159177,0.0008844466432755095,-2.8245086580784693,-0.6539531681758111,-1.33077610738576,-3.4377011273026086,0.026342220295505703,0.0004054225183979998,0.0004054225183979998
P-BOTH,8100,root_1,root_3,non_descendant,independent,0.0026282795253074385,0.0004273194167353606,-2.8257232643951795,-0.5270540220571949,-1.331926134014573,-3.5014437644198844,0.02654241777572801,0.0005763935752811287,0.0005763935752811287
P-BOTH,8100,root_1,root_4,non_descendant,independent,0.003310360137645482,-8.617099994033756e-05,-2.828885003205772,-0.4122671733729843,-1.332917725295347,-3.4622211247661077,0.025376410830665275,0.0003357396339991187,0.0003357396339991187
P-BOTH,8100,root_1,root_5,non_descendant,independent,0.0009456293819014924,0.0018121576008450528,-2.823587864536361,-0.68765839649163,-1.3303751147824772,-3.3905814600939936,0.02558028937389353,2.419140169894228e-05,2.4191401699154276e-05
P-BOTH,8100,root_1,root_6,non_descendant,independent,0.0033778332958766736,0.003795125657641779,-2.8170595587584972,-0.8531311277411104,-1.3273703435160102,-3.3278998921816045,0.025937997864529102,-9.011832453363611e-05,-9.011832453363611e-05
P-BOTH,8100,root_1,root_7,non_descendant,independent,0.001954706461658526,0.0012337844474161702,-2.8271256816287247,-0.6849986542002555,-1.3323278076766494,-3.443791869845722,0.027392325408231038,0.001954706461658531,0.001954706461658531
P-BOTH,8100,root_2,root_3,non_descendant,independent,0.0011921230678630405,0.0004919531168583884,-2.8274681869551626,-0.5665349105657949,-1.333206491861179,-3.5080560429264356,0.027411367626225046,0.0008043343251066258,0.0008043343251066258
P-BOTH,8100,root_2,root_4,non_descendant,independent,0.0033023486045699276,7.293247542500344e-05,-2.831129984813684,-0.7021872484284557,-1.3342964743610022,-3.5227942239257013,0.02463273093273494,-0.001069957269971661,-0.001069957269971661
P-BOTH,8100,root_2,root_5,non_descendant,independent,0.002635377627869515,-0.0007684680257180072,-2.8304933974960216,-1.006953064469159,-1.3340371967625135,-3.5189249275410908,0.027392722432372996,0.0012387061509181085,0.001238706150917983
P-BOTH,8100,root_2,root_6,non_descendant,independent,0.004101072236028815,0.0013301903941184293,-2.8225913246367367,-0.7219196829362647,-1.3298411752636825,-3.3971495656764814,0.02915546864288486,0.002575269284340607,0.002575269284340607
P-BOTH,8100,root_2,root_7,non_descendant,independent,0.003056302467547922,0.001074955790617371,-2.8280713424187924,-0.7131131824980098,-1.3324218140254287,-3.4246194744908847,0.026353054917693654,0.00020193838742075176,0.00020193838742075176
P-BOTH,8100,root_3,root_4,non_descendant,independent,0.0015169211609620068,0.002508688473955875,-2.825923758313738,-0.5304935875477664,-1.3316194673427328,-3.3650591325950727,0.025646509299800373,-6.0372932737073177e-05,-6.0372932737073177e-05
P-BOTH,8100,root_3,root_5,non_descendant,independent,0.0003565610373602826,0.0016071705290038498,-2.8262906058992763,-0.8535883410503876,-1.3318680479325316,-3.4013633956731253,0.02474250549612191,-0.0015188503780007672,-0.0015188503780005156
P-BOTH,8100,root_3,root_6,non_descendant,independent,0.003782149820092288,0.00168262126483513,-2.822816098538523,-0.8843303086961148,-1.3300075408349155,-3.3770891691473874,0.027019097873077696,0.0003454259022546203,0.0003454259022546203
P-BOTH,8100,root_3,root_7,non_descendant,independent,0.002626797828853125,-0.0002891530138904588,-2.8324847730027667,-0.6677866204259668,-1.3349139714079084,-3.5390672382823554,0.027252515511193846,0.0011153041271316723,0.0011153041271316723
P-BOTH,8100,root_4,root_5,non_descendant,independent,0.0035431571220304416,9.904271124017479e-05,-2.8263370547452844,-0.6778254702329823,-1.3322792811208806,-3.519676593985625,0.02690634224111139,0.001644649164221266,0.0016446491642214739
P-BOTH,8100,root_4,root_6,non_descendant,independent,0.003103461439501821,0.0017738233659751977,-2.819890824746649,-0.9876523920055139,-1.3291480567528218,-3.420410046113008,0.024946768162423246,-0.0007806202107380225,-0.0007806202107380225
P-BOTH,8100,root_4,root_7,non_descendant,independent,0.0012978428326282123,-0.00026569943323020127,-2.8290839954046936,-0.6394084402139245,-1.3334201272877861,-3.5298209495248525,0.025045130883439296,-0.00018590708807121665,-0.00018590708807121665
P-BOTH,8100,root_5,root_6,non_descendant,independent,0.004326641633562747,0.00048254650684416574,-2.824184539019039,-0.9979692168863137,-1.3302675148164733,-3.4433793829969592,0.027888044991230432,0.0016594012240605134,0.001659401224060432
P-BOTH,8100,root_5,root_7,non_descendant,independent,0.002713038770046784,0.0015373896076859989,-2.827615268713316,-0.9946120397322579,-1.3326185781069155,-3.436592847578694,0.02700532664620432,0.0012707322591882615,0.0012707322591878247
P-BOTH,8100,root_6,root_7,non_descendant,independent,0.0032029680277968296,-0.001172229075470194,-2.8349993863389846,-1.2199893296737936,-1.3363584818566314,-3.567770119900121,0.02761137632332461,0.00142694056830804,0.00142694056830804
P-BOTH,8200,root_0,root0_cont_pt_same_0,descendant,continued_pretraining,0.9808685077479637,0.035246128606672165,-2.7746099925035135,-0.5561750847160831,-0.08092212229788838,-0.08119389764191107,0.9813732796817498,0.9808685077479641,0.9808685077479641
P-BOTH,8200,root_0,root0_lora_0,descendant,lora_merge,0.9981892266226206,0.03516861921650185,-2.7648291071731457,-0.04666366298221404,-0.015611520599315214,-0.015620726004782988,0.9982325776789978,0.9981892266226206,0.9981892266226206
P-BOTH,8200,root_0,root0_prune_0,descendant,pruned,0.9918938674588161,0.03493269168493697,-2.755160896501521,-0.5277404703764328,-0.11850966715188282,-0.11850966715188282,0.9921270617921621,0.991893867458816,0.991893867458816
P-BOTH,8200,root_0,root0_prune_1,descendant,pruned,0.9585290201276,0.033985335066606254,-2.7184871908173043,-2.4274061801254754,-0.26279057646048815,-0.26279057646048815,0.9596147996596588,0.9585290201275997,0.9585290201275997
P-BOTH,8200,root_0,root0_prune_2,descendant,pruned,0.8609128542602903,0.03154759573813635,-2.6213475058817486,-7.067292400363263,-0.45892693089614617,-0.45892693089614617,0.8636497911593478,0.8609128542602904,0.8609128542602904
P-BOTH,8200,root_0,root0_quant_0,descendant,quantized,0.9999191618338714,0.03516221806304326,-2.7645878854367334,-0.021585856104554345,-0.011662982505455494,-0.011658961948992894,0.9999214439565826,0.9999191618338718,0.9999191618338718
P-BOTH,8200,root_0,root0_quant_1,descendant,quantized,0.9986808607153469,0.03511036458213313,-2.7660964268848134,-0.1326684367197456,-0.04720998292693137,-0.04721707361950711,0.9987180304593314,0.9986808607153469,0.9986808607153469
P-BOTH,8200,root_1,root1_cont_pt_same_0,descendant,continued_pretraining,0.9810088057572285,0.03395820622639025,-2.7763403009018206,-0.5615033737914065,-0.08071750941780043,-0.08098631519221217,0.9815146765394355,0.9810088057572287,0.9810088057572287
P-BOTH,8200,root_1,root1_lora_0,descendant,lora_merge,0.9982488556982299,0.03391197382156998,-2.7664477314073532,-0.04572353778216115,-0.015555548317326395,-0.015564364451706692,0.9982921331647852,0.9982488556982293,0.9982488556982293
P-BOTH,8200,root_1,root1_prune_0,descendant,pruned,0.991969800073754,0.033714732184838635,-2.756718569903671,-0.5188756557837072,-0.11833816591724568,-0.11833816591724568,0.9921971900948732,0.9919698000737541,0.9919698000737541
P-BOTH,8200,root_1,root1_prune_1,descendant,pruned,0.9589259619669929,0.03292294525442356,-2.7199498232544332,-2.401307499958316,-0.2622841597262283,-0.2622841597262283,0.9599879384854804,0.958925961966993,0.958925961966993
P-BOTH,8200,root_1,root1_prune_2,descendant,pruned,0.8580856318776053,0.030789565641602106,-2.6226219643267075,-7.012916645197304,-0.4583430073544423,-0.4583430073544423,0.8646010756665419,0.8618836619588768,0.8580856318776057
P-BOTH,8200,root_1,root1_quant_0,descendant,quantized,0.9999144777595387,0.03390775173024399,-2.7662272812969957,-0.021821263925777077,-0.011893362799161826,-0.011889310796609156,0.9999169172901833,0.9999144777595387,0.9999144777595387
P-BOTH,8200,root_1,root1_quant_1,descendant,quantized,0.9985944762354895,0.03390145242176564,-2.767783105901026,-0.13944358839046955,-0.04813780508884312,-0.04814539031860654,0.9986345274241634,0.9985944762354898,0.9985944762354898
P-BOTH,8200,root_2,root2_cont_pt_same_0,descendant,continued_pretraining,0.9803796076584986,0.03438746350576444,-2.774056914778391,-0.5555248902534289,-0.08096341971242044,-0.08122946544181459,0.9809271584508754,0.9803796076584991,0.9803796076584991
P-BOTH,8200,root_2,root2_lora_0,descendant,lora_merge,0.9981571069092919,0.03430779803991171,-2.7642454791204947,-0.047094768042092276,-0.01562059465824956,-0.015629625667139234,0.9982042544475432,0.998157106909292,0.998157106909292
P-BOTH,8200,root_2,root2_prune_0,descendant,pruned,0.9919817605467954,0.03400382686759031,-2.7547134150088515,-0.5191509690148759,-0.1183171013831602,-0.1183171013831602,0.9922235144362785,0.9919817605467952,0.9919817605467952
P-BOTH,8200,root_2,root2_prune_1,descendant,pruned,0.9589299197566142,0.033111611400035774,-2.718274750695456,-2.3958200374396603,-0.26233027215806454,-0.26233027215806454,0.9600481132861335,0.9589299197566147,0.9589299197566147
P-BOTH,8200,root_2,root2_prune_2,descendant,pruned,0.8623148483220859,0.030883231425193225,-2.6212850073259464,-6.997804845723901,-0.4583806647406008,-0.4583806647406008,0.8651356449158358,0.862314848322085,0.862314848322085
P-BOTH,8200,root_2,root2_quant_0,descendant,quantized,0.9999162369942547,0.03430361619845738,-2.764025134765057,-0.02175506380136455,-0.011816333838781681,-0.011811990869484805,0.9999187970872748,0.9999162369942546,0.9999162369942546
P-BOTH,8200,root_2,root2_quant_1,descendant,quantized,0.9986324221303788,0.034289236256197196,-2.7655580375765734,-0.13658563883098507,-0.0478318054558591,-0.047839069967680954,0.9986741320589964,0.9986324221303781,0.9986324221303781
P-BOTH,8200,root_3,root3_cont_pt_same_0,descendant,continued_pretraining,0.9805859053547038,0.03424129709347535,-2.7764376488299085,-0.5663126251007132,-0.08118000981436271,-0.08145358349999801,0.9811311462825638,0.9805859053547041,0.9805859053547041
P-BOTH,8200,root_3,root3_lora_0,descendant,lora_merge,0.9981568433654612,0.03411625576439487,-2.7665501759153286,-0.04665684568652398,-0.01556113809391383,-0.015570206658381441,0.998205497658392,0.9981568433654614,0.9981568433654614
P-BOTH,8200,root_3,root3_prune_0,descendant,pruned,0.9919655382236199,0.033952984708095914,-2.7568730731267306,-0.5204827621666197,-0.11840445403423103,-0.11840445403423103,0.9922062273082397,0.9919655382236199,0.9919655382236199
P-BOTH,8200,root_3,root3_prune_1,descendant,pruned,0.9587086351754404,0.03327650857844395,-2.719874758567802,-2.398034245579262,-0.26239319694955243,-0.26239319694955243,0.9598333459881631,0.9587086351754402,0.9587086351754402
P-BOTH,8200,root_3,root3_prune_2,descendant,pruned,0.8617981984420929,0.03127650929387943,-2.6224592184654636,-7.0448319533209025,-0.45840573250633226,-0.45840573250633226,0.8646675049493413,0.8617981984420928,0.8617981984420928
P-BOTH,8200,root_3,root3_quant_0,descendant,quantized,0.9999220180163791,0.03411312860168728,-2.7663258583227863,-0.021110398036837046,-0.011455071144202394,-0.011451004466707706,0.9999243415511355,0.9999220180163794,0.9999220180163794
P-BOTH,8200,root_3,root3_quant_1,descendant,quantized,0.9987184732988902,0.034095809784130626,-2.7677867241380687,-0.12927018005584917,-0.04638097720718519,-0.046385799831866886,0.9987566500456477,0.9987184732988906,0.9987184732988906
P-BOTH,8200,root_4,root4_cont_pt_same_0,descendant,continued_pretraining,0.9802791469858646,0.034461126978789385,-2.776026497974991,-0.5656676318700677,-0.08067769930795354,-0.08095143905213448,0.9807941416556502,0.9802791469858653,0.9802791469858653
P-BOTH,8200,root_4,root4_lora_0,descendant,lora_merge,0.9980883465997475,0.03443619020659113,-2.766096445147501,-0.04769611022514051,-0.015648855295115293,-0.01565884123993777,0.9981349822292649,0.9980883465997478,0.9980883465997478
P-BOTH,8200,root_4,root4_prune_0,descendant,pruned,0.9918900224802645,0.034175869063688774,-2.7563991952726137,-0.5248947184477784,-0.11856051314658851,-0.11856051314658851,0.9921146583104284,0.9918900224802641,0.9918900224802641
P-BOTH,8200,root_4,root4_prune_1,descendant,pruned,0.9586119916096072,0.03339193452385735,-2.719594682624943,-2.4210588637056945,-0.262573019561071,-0.262573019561071,0.9596468214115332,0.9586119916096073,0.9586119916096073
P-BOTH,8200,root_4,root4_prune_2,descendant,pruned,0.8615056426439794,0.031060061473701484,-2.6225589584818274,-7.069044591727058,-0.4585608732952984,-0.4585608732952984,0.8641051771111211,0.8615056426439797,0.8615056426439797
P-BOTH,8200,root_4,root4_quant_0,descendant,quantized,0.9999211298551917,0.03445054218082563,-2.7658034326569454,-0.0208647482408424,-0.011472759134717327,-0.011468910948477913,0.9999233201558039,0.9999211298551912,0.9999211298551912
P-BOTH,8200,root_4,root4_quant_1,descendant,quantized,0.9987077277867998,0.034390223534966805,-2.7672972052195823,-0.1290019886259231,-0.04642790617281761,-0.04643400261408682,0.9987435484772539,0.9987077277867993,0.9987077277867993
P-BOTH,8200,root_5,root5_cont_pt_same_0,descendant,continued_pretraining,0.9804647494079167,0.03360071447463506,-2.776888550361074,-0.5669021190658404,-0.08057171909782979,-0.08084373809040346,0.9814471082365296,0.980928540414857,0.9804647494079163
P-BOTH,8200,root_5,root5_lora_0,descendant,lora_merge,0.9968436240754189,0.033535444777338726,-2.766911513858227,-0.04665256582115554,-0.015679593314013224,-0.01568752858647271,0.998089740562332,0.9980403836609146,0.9968436240754186
P-BOTH,8200,root_5,root5_prune_0,descendant,pruned,0.9919689399456558,0.0333919097748399,-2.757240833547094,-0.5235903110323655,-0.11825089635358318,-0.11825089635358318,0.9922601795353501,0.992026662314125,0.9919689399456559
P-BOTH,8200,root_5,root5_prune_1,descendant,pruned,0.9580338870753883,0.03267528921003917,-2.72043639302834,-2.419465813924459,-0.2622770355314987,-0.2622770355314987,0.9601389867770355,0.9590558889362016,0.9580338870753881
P-BOTH,8200,root_5,root5_prune_2,descendant,pruned,0.8552961589095206,0.030595787778110017,-2.623139381634773,-7.089171485264015,-0.45832698143484824,-0.45832698143484824,0.8665856495470532,0.8638751151834686,0.8552961589095208
P-BOTH,8200,root_5,root5_quant_0,descendant,quantized,0.9998553539236398,0.03353619442023698,-2.76664707167993,-0.021495570894679822,-0.011795265197614918,-0.01179135581246481,0.9999194301029292,0.9999170069386887,0.9998553539236396
P-BOTH,8200,root_5,root5_quant_1,descendant,quantized,0.9985672983364178,0.03347984180222264,-2.7682772284883006,-0.13705262253798056,-0.0477441136480981,-0.04775262925037645,0.9986784347918253,0.9986387705417298,0.9985672983364173
P-BOTH,8200,root_6,root6_cont_pt_same_0,descendant,continued_pretraining,0.9804870990550478,0.03315245733464772,-2.777719098501108,-0.5638455255643915,-0.0807669532015865,-0.08103503308060232,0.9810316855394131,0.9804870990550483,0.9804870990550483
P-BOTH,8200,root_6,root6_lora_0,descendant,lora_merge,0.9980860586691497,0.03307837275150734,-2.7678425438999055,-0.04731611913239829,-0.015691248926656735,-0.015700125854836763,0.9981359617210384,0.9980860586691498,0.9980860586691498
P-BOTH,8200,root_6,root6_prune_0,descendant,pruned,0.9919496815446963,0.03295034858577369,-2.7580660920667253,-0.5208808616802957,-0.11832539492321417,-0.11832539492321417,0.9921914823841439,0.9919496815446965,0.9919496815446965
P-BOTH,8200,root_6,root6_prune_1,descendant,pruned,0.9589250360666095,0.0323257708081053,-2.721011708789359,-2.3983753020172305,-0.26225493408284173,-0.26225493408284173,0.9600358105024505,0.9589250360666095,0.9589250360666095
P-BOTH,8200,root_6,root6_prune_2,descendant,pruned,0.8623120975519486,0.03015495187268311,-2.6235365082324558,-7.061464059605238,-0.4581259764745296,-0.4581259764745296,0.8651201508139859,0.8623120975519489,0.8623120975519489
P-BOTH,8200,root_6,root6_quant_0,descendant,quantized,0.9999143452265514,0.033080094931623005,-2.7675641416483066,-0.02175024069195232,-0.011869488299701378,-0.011865211835436517,0.9999168966025147,0.9999143452265509,0.9999143452265509
P-BOTH,8200,root_6,root6_quant_1,descendant,quantized,0.9986025576603906,0.03306981533507871,-2.7691801068875,-0.14010992857861307,-0.04803895430235259,-0.04804523187621643,0.99864413059196,0.9986025576603909,0.9986025576603909
P-BOTH,8200,root_7,root7_cont_pt_same_0,descendant,continued_pretraining,0.9809358724505836,0.03386247232922302,-2.7761774969831126,-0.5576384461186777,-0.08073366164373263,-0.08100137418811651,0.9814488899649602,0.9809358724505836,0.9809358724505836
P-BOTH,8200,root_7,root7_lora_0,descendant,lora_merge,0.9981570770160545,0.03380933181736965,-2.766349624867061,-0.04739034241215985,-0.015569342743860624,-0.015578208714508926,0.9982017324834495,0.9981570770160548,0.9981570770160548
P-BOTH,8200,root_7,root7_prune_0,descendant,pruned,0.9919271949622323,0.033625737649745954,-2.7566007338439915,-0.5190775142449762,-0.11845277885309137,-0.11845277885309137,0.9921624375353697,0.9919271949622318,0.9919271949622318
P-BOTH,8200,root_7,root7_prune_1,descendant,pruned,0.9590391416804387,0.03296929477245194,-2.7196913434364607,-2.3974166750658155,-0.2625162047226666,-0.2625162047226666,0.9601233517133024,0.9590391416804381,0.9590391416804381
P-BOTH,8200,root_7,root7_prune_2,descendant,pruned,0.8622708052354731,0.03087228082039122,-2.622564758322895,-7.023636244127624,-0.4585615842317482,-0.4585615842317482,0.8650643043453604,0.862270805235473,0.862270805235473
P-BOTH,8200,root_7,root7_quant_0,descendant,quantized,0.9999130623832687,0.03381064978926259,-2.766134139653983,-0.021963526733915186,-0.011974377169613913,-0.011970341150077796,0.9999155869506949,0.9999130623832685,0.9999130623832685
P-BOTH,8200,root_7,root7_quant_1,descendant,quantized,0.9985790561883979,0.03376618112536805,-2.767801671426024,-0.14277815708371402,-0.048475507125437016,-0.04848486726325519,0.9986202940825635,0.9985790561883979,0.9985790561883979
P-BOTH,8200,root_0,root0_distilled_0,non_descendant,distilled_student,0.0024624706510670744,0.002880299772096346,-3.6450886678722227,-36.09281744443027,-1.728304853161879,-7.959833349606292,0.01168063596167127,-0.0005688675509706987,-0.0005480793341793279
P-BOTH,8200,root_1,root1_distilled_0,non_descendant,distilled_student,0.001704349069157655,9.802606178016602e-05,-3.662072397409437,-36.42148595487772,-1.7371748767508146,-10.158372500085513,0.01157183030125466,-0.0002523801313022446,-0.00014247273531751712
P-BOTH,8200,root_2,root2_distilled_0,non_descendant,distilled_student,0.0036173784361269077,0.0006248295699593958,-3.678601118986388,-37.10942756135364,-1.7444362799166742,-9.005653013456064,0.013614039169385146,0.002141057994159428,0.0021380246118232445
P-BOTH,8200,root_3,root3_distilled_0,non_descendant,distilled_student,0.0031995330285736062,-0.00018197655950238025,-3.676626054750171,-37.066098920853726,-1.7442704787392085,-8.775861054237577,0.012363327910456197,0.0010499529880295142,0.001073883005172867
P-BOTH,8200,root_4,root4_distilled_0,non_descendant,distilled_student,0.0021311766015238115,6.154758913219374e-05,-3.661233087051223,-36.46787703535087,-1.736839770384,-14.407496902902487,0.011011534630378635,-9.744616199686882e-05,-0.0001361317679205141
P-BOTH,8200,root_5,root5_distilled_0,non_descendant,distilled_student,0.002596436207189476,0.00048713158930368134,-3.669476209077657,-36.82860176586756,-1.740440051031838,-8.490857215425908,0.009577929508981524,-0.001148976347265918,-0.000967085366391293
P-BOTH,8200,root_6,root6_distilled_0,non_descendant,distilled_student,0.0026042055624424985,-0.00020195395107671974,-3.6808867669798833,-37.294547220957455,-1.7452650914942205,-8.840027296108829,0.01228478018258141,0.0008402289709179755,0.000871019483066852
P-BOTH,8200,root_7,root7_distilled_0,non_descendant,distilled_student,0.0003877797622586475,0.0015340961020494258,-3.6530582198678347,-36.03336673265718,-1.7328390339998323,-8.781209408642859,0.010038287523368371,-0.0016898338055720671,-0.002048433758083595
P-BOTH,8200,root_0,root_1,non_descendant,independent,0.002937873376229022,0.002353047966913776,-2.819873511836601,-0.8570674089048291,-1.3285259392778246,-3.377814777594606,0.025690808542416715,0.00032676645410010955,0.00032676645410010955
P-BOTH,8200,root_0,root_2,non_descendant,independent,0.0020818339099489443,0.002445889934097205,-2.817767159956488,-1.0024117520563278,-1.3282893003903993,-3.36288712948351,0.025155382104280782,-0.0008989664803101538,-0.0008989664803101538
P-BOTH,8200,root_0,root_3,non_descendant,independent,0.003795957407061758,-0.0020912569697004503,-2.825849738689949,-0.838526528836743,-1.332148832047674,-3.586099004468422,0.0278594292261642,0.0019359307756677494,0.0019359307756677494
P-BOTH,8200,root_0,root_4,non_descendant,independent,0.002915986672729961,0.0014679229332401264,-2.8219034485397394,-0.754529692662902,-1.329367810958026,-3.387992789773956,0.025058236610957477,-7.542297401209889e-05,-7.542297401209889e-05
P-BOTH,8200,root_0,root_5,non_descendant,independent,0.003088185290824786,0.001482304382247011,-2.821072940132588,-1.0933161351463967,-1.3294982720274375,-3.4363590904183776,0.025784791370024582,0.00014647312402065585,0.00014647312402065629
P-BOTH,8200,root_0,root_6,non_descendant,independent,0.0023980387683602746,0.0004933737737224281,-2.8186449572396635,-1.4821807929634567,-1.328490921823797,-3.432879215360697,0.02595031041029418,-9.412408639874765e-05,-9.412408639874765e-05
P-BOTH,8200,root_0,root_7,non_descendant,independent,0.0024342319926478457,-0.0003310579517330046,-2.8248772780997182,-0.6223803961314014,-1.3316404442741674,-3.4787730345246217,0.025828151403397625,0.00017838989459831672,0.00017838989459831672
P-BOTH,8200,root_1,root_2,non_descendant,independent,0.002169125959515923,0.0012820072511719092,-2.824314159610337,-0.6539531681758124,-1.3307761073857605,-3.437701127302608,0.026342220295505703,0.00040542251839799907,0.00040542251839799907
P-BOTH,8200,root_1,root_3,non_descendant,independent,0.0026282795253074393,-0.00010885732592666348,-2.8259811235813426,-0.5270540220572035,-1.331926134014573,-3.501443764419886,0.026542417775728022,0.0005763935752811309,0.0005763935752811309
P-BOTH,8200,root_1,root_4,non_descendant,independent,0.003310360137645473,-0.00017632324040520617,-2.829132422880838,-0.41226717337298296,-1.332917725295347,-3.4622211247661085,0.02537641083066527,0.0003357396339991195,0.0003357396339991195
P-BOTH,8200,root_1,root_5,non_descendant,independent,0.000945629381901493,0.002158079154388898,-2.8232544461033977,-0.6876583964916286,-1.3303751147824774,-3.3905814600939945,0.025580289373893533,2.4191401698946688e-05,2.4191401699158687e-05
P-BOTH,8200,root_1,root_6,non_descendant,independent,0.0033778332958766736,0.0034710026706166425,-2.817290737864002,-0.8531311277411155,-1.32737034351601,-3.327899892181604,0.02593799786452911,-9.011832453363767e-05,-9.011832453363767e-05
P-BOTH,8200,root_1,root_7,non_descendant,independent,0.001954706461658526,0.0012611721823122695,-2.827289137131813,-0.6849986542002542,-1.3323278076766498,-3.4437918698457226,0.02739232540823104,0.0019547064616585326,0.0019547064616585326
P-BOTH,8200,root_2,root_3,non_descendant,independent,0.0011921230678630377,-0.0001630958566431305,-2.82835816238725,-0.5665349105658012,-1.3332064918611788,-3.508056042926435,0.02741136762622505,0.0008043343251066213,0.0008043343251066213
P-BOTH,8200,root_2,root_4,non_descendant,independent,0.0033023486045699294,0.0004977758979239651,-2.830337847869647,-0.7021872484284547,-1.3342964743610022,-3.5227942239257017,0.02463273093273495,-0.0010699572699716553,-0.0010699572699716553
P-BOTH,8200,root_2,root_5,non_descendant,independent,0.002635377627869511,-0.0012356679536244164,-2.831183436108299,-1.0069530644691562,-1.3340371967625126,-3.5189249275410903,0.027392722432372996,0.0012387061509181103,0.0012387061509179845
P-BOTH,8200,root_2,root_6,non_descendant,independent,0.004101072236028811,0.0023651839218805323,-2.821672077824653,-0.7219196829362656,-1.329841175263682,-3.3971495656764814,0.029155468642884857,0.0025752692843406034,0.0025752692843406034
P-BOTH,8200,root_2,root_7,non_descendant,independent,0.003056302467547922,0.0010056650728339945,-2.827790122358928,-0.7131131824980101,-1.3324218140254287,-3.4246194744908847,0.026353054917693648,0.00020193838742075176,0.00020193838742075176
P-BOTH,8200,root_3,root_4,non_descendant,independent,0.001516921160962007,0.0031675021668936348,-2.8257167310462807,-0.5304935875477633,-1.331619467342733,-3.3650591325950745,0.025646509299800377,-6.037293273707307e-05,-6.037293273707307e-05
P-BOTH,8200,root_3,root_5,non_descendant,independent,0.0003565610373602862,0.0015643296491898448,-2.8265882233549657,-0.853588341050387,-1.3318680479325318,-3.401363395673126,0.024742505496121916,-0.0015188503780007648,-0.0015188503780005132
P-BOTH,8200,root_3,root_6,non_descendant,independent,0.0037821498200922934,0.0021845418544341514,-2.8222693019906835,-0.8843303086961208,-1.3300075408349155,-3.377089169147388,0.027019097873077703,0.0003454259022546208,0.0003454259022546208
P-BOTH,8200,root_3,root_7,non_descendant,independent,0.0026267978288531256,-0.00032197702391087923,-2.832586813652973,-0.6677866204259671,-1.3349139714079086,-3.539067238282357,0.027252515511193856,0.0011153041271316758,0.0011153041271316758
P-BOTH,8200,root_4,root_5,non_descendant,independent,0.0035431571220304447,-0.00013576560213021923,-2.8269134235642857,-0.6778254702329765,-1.3322792811208803,-3.519676593985625,0.026906342241111384,0.0016446491642212668,0.0016446491642214745
P-BOTH,8200,root_4,root_6,non_descendant,independent,0.0031034614395018243,0.0018290533024497768,-2.8201362728073662,-0.9876523920055255,-1.3291480567528218,-3.4204100461130076,0.02494676816242325,-0.0007806202107380266,-0.0007806202107380266
P-BOTH,8200,root_4,root_7,non_descendant,independent,0.001297842832628211,-0.0005829612883198464,-2.8294859827881025,-0.6394084402139246,-1.3334201272877861,-3.5298209495248516,0.025045130883439293,-0.0001859070880712192,-0.0001859070880712192
P-BOTH,8200,root_5,root_6,non_descendant,independent,0.004326641633562748,0.000991035080830748,-2.823446454691646,-0.9979692168863237,-1.3302675148164733,-3.4433793829969592,0.027888044991230435,0.0016594012240605173,0.0016594012240604358
P-BOTH,8200,root_5,root_7,non_descendant,independent,0.002713038770046777,0.0013100931416802483,-2.8272734585332917,-0.9946120397322601,-1.3326185781069155,-3.4365928475786944,0.02700532664620432,0.0012707322591882606,0.0012707322591878239
P-BOTH,8200,root_6,root_7,non_descendant,independent,0.0032029680277968326,-0.0005737504123191412,-2.8352027875043353,-1.2199893296737974,-1.3363584818566316,-3.5677701199001213,0.027611376323324624,0.0014269405683080387,0.0014269405683080387
P-BOTH,8300,root_0,root0_cont_pt_same_0,descendant,continued_pretraining,0.9808685077479637,0.03474642686443897,-2.77480434203281,-0.5561750847160783,-0.08092212229788837,-0.08119389764191107,0.9813732796817499,0.9808685077479641,0.9808685077479641
P-BOTH,8300,root_0,root0_lora_0,descendant,lora_merge,0.9981892266226203,0.03474015509179975,-2.7649248362016503,-0.046663662982211904,-0.015611520599315214,-0.015620726004782981,0.9982325776789979,0.9981892266226202,0.9981892266226202
P-BOTH,8300,root_0,root0_prune_0,descendant,pruned,0.9918938674588161,0.03451684311081168,-2.7552606836778586,-0.5277404703764375,-0.11850966715188282,-0.11850966715188282,0.9921270617921624,0.9918938674588161,0.9918938674588161
P-BOTH,8300,root_0,root0_prune_1,descendant,pruned,0.9585290201276,0.033561687475468525,-2.7185180675748697,-2.427406180125477,-0.26279057646048803,-0.26279057646048803,0.9596147996596588,0.9585290201275999,0.9585290201275999
P-BOTH,8300,root_0,root0_prune_2,descendant,pruned,0.8609128542602903,0.031534723318350326,-2.6210513522513463,-7.067292400363264,-0.45892693089614617,-0.45892693089614617,0.8636497911593478,0.8609128542602904,0.8609128542602904
P-BOTH,8300,root_0,root0_quant_0,descendant,quantized,0.9999191618338715,0.03474728400013339,-2.764663930897908,-0.021585856104553366,-0.011662982505455494,-0.011658961948992892,0.9999214439565828,0.9999191618338718,0.9999191618338718
P-BOTH,8300,root_0,root0_quant_1,descendant,quantized,0.9986808607153469,0.03470438395558865,-2.7661548198112436,-0.13266843671974468,-0.04720998292693137,-0.04721707361950712,0.9987180304593314,0.9986808607153469,0.9986808607153469
P-BOTH,8300,root_1,root1_cont_pt_same_0,descendant,continued_pretraining,0.9810088057572285,0.03379232075144257,-2.7767206205578194,-0.5615033737914038,-0.08071750941780047,-0.0809863151922122,0.9815146765394357,0.9810088057572287,0.9810088057572287
P-BOTH,8300,root_1,root1_lora_0,descendant,lora_merge,0.99824885569823,0.03377307166388429,-2.7667328300693894,-0.04572353778216461,-0.015555548317326398,-0.015564364451706694,0.9982921331647853,0.9982488556982293,0.9982488556982293
P-BOTH,8300,root_1,root1_prune_0,descendant,pruned,0.991969800073754,0.03363076953468829,-2.7569410684311983,-0.5188756557837012,-0.11833816591724565,-0.11833816591724565,0.9921971900948731,0.9919698000737543,0.9919698000737543
P-BOTH,8300,root_1,root1_prune_1,descendant,pruned,0.958925961966993,0.03299658325562675,-2.7198691594226623,-2.4013074999583126,-0.2622841597262283,-0.2622841597262283,0.9599879384854805,0.958925961966993,0.958925961966993
P-BOTH,8300,root_1,root1_prune_2,descendant,pruned,0.8580856318776057,0.03059600105675854,-2.6228801884049684,-7.0129166451973,-0.4583430073544424,-0.4583430073544424,0.8646010756665419,0.8618836619588767,0.8580856318776054
P-BOTH,8300,root_1,root1_quant_0,descendant,quantized,0.9999144777595389,0.033780924423665155,-2.766490563338773,-0.021821263925779714,-0.011893362799161828,-0.011889310796609157,0.9999169172901835,0.9999144777595387,0.9999144777595387
P-BOTH,8300,root_1,root1_quant_1,descendant,quantized,0.9985944762354896,0.0337685957605062,-2.7680555212682734,-0.13944358839046572,-0.048137805088843105,-0.04814539031860656,0.9986345274241634,0.9985944762354899,0.9985944762354899
P-BOTH,8300,root_2,root2_cont_pt_same_0,descendant,continued_pretraining,0.9803796076584986,0.03411719873605857,-2.7763473732521007,-0.5555248902534233,-0.08096341971242048,-0.0812294654418146,0.9809271584508755,0.9803796076584991,0.9803796076584991
P-BOTH,8300,root_2,root2_lora_0,descendant,lora_merge,0.9981571069092919,0.03403848948180429,-2.766554965735861,-0.0470947680420829,-0.015620594658249567,-0.01562962566713924,0.9982042544475432,0.998157106909292,0.998157106909292
P-BOTH,8300,root_2,root2_prune_0,descendant,pruned,0.9919817605467954,0.033921447406594585,-2.7567898741993146,-0.5191509690148812,-0.11831710138316023,-0.11831710138316023,0.9922235144362787,0.9919817605467953,0.9919817605467953
P-BOTH,8300,root_2,root2_prune_1,descendant,pruned,0.9589299197566142,0.03303104498144401,-2.720107313006164,-2.3958200374396665,-0.2623302721580646,-0.2623302721580646,0.9600481132861335,0.9589299197566147,0.9589299197566147
P-BOTH,8300,root_2,root2_prune_2,descendant,pruned,0.8623148483220858,0.030869750083883502,-2.622770726433501,-6.9978048457239,-0.45838066474060113,-0.45838066474060113,0.8651356449158358,0.8623148483220854,0.8623148483220854
P-BOTH,8300,root_2,root2_quant_0,descendant,quantized,0.9999162369942547,0.03404343148324967,-2.766336853212935,-0.02175506380136279,-0.011816333838781687,-0.011811990869484808,0.9999187970872748,0.9999162369942546,0.9999162369942546
P-BOTH,8300,root_2,root2_quant_1,descendant,quantized,0.9986324221303787,0.034000845969568615,-2.767904206500954,-0.13658563883097985,-0.04783180545585911,-0.04783906996768096,0.9986741320589964,0.9986324221303781,0.9986324221303781
P-BOTH,8300,root_3,root3_cont_pt_same_0,descendant,continued_pretraining,0.980585905354704,0.03346273579295445,-2.77744483492752,-0.566312625100713,-0.08118000981436271,-0.08145358349999798,0.9811311462825637,0.9805859053547041,0.9805859053547041
P-BOTH,8300,root_3,root3_lora_0,descendant,lora_merge,0.9981568433654613,0.03335183245641629,-2.767513509627885,-0.04665684568652102,-0.01556113809391383,-0.015570206658381441,0.9982054976583918,0.9981568433654614,0.9981568433654614
P-BOTH,8300,root_3,root3_prune_0,descendant,pruned,0.9919655382236198,0.033173071758070265,-2.757820645563624,-0.5204827621666238,-0.11840445403423103,-0.11840445403423103,0.9922062273082398,0.9919655382236199,0.9919655382236199
P-BOTH,8300,root_3,root3_prune_1,descendant,pruned,0.9587086351754404,0.03229587497400478,-2.7211040714278196,-2.3980342455792583,-0.26239319694955243,-0.26239319694955243,0.9598333459881628,0.9587086351754402,0.9587086351754402
P-BOTH,8300,root_3,root3_prune_2,descendant,pruned,0.8617981984420929,0.030426787654241963,-2.6232674222818417,-7.044831953320903,-0.4584057325063323,-0.4584057325063323,0.8646675049493414,0.8617981984420929,0.8617981984420929
P-BOTH,8300,root_3,root3_quant_0,descendant,quantized,0.9999220180163789,0.033356853405517646,-2.7672742106648376,-0.02111039803683779,-0.011455071144202394,-0.011451004466707708,0.9999243415511354,0.9999220180163796,0.9999220180163796
P-BOTH,8300,root_3,root3_quant_1,descendant,quantized,0.9987184732988902,0.03332792259426056,-2.7687475206961953,-0.12927018005584384,-0.04638097720718519,-0.046385799831866886,0.9987566500456477,0.9987184732988906,0.9987184732988906
P-BOTH,8300,root_4,root4_cont_pt_same_0,descendant,continued_pretraining,0.9802791469858647,0.03392930971681889,-2.775947760574913,-0.565667631870058,-0.08067769930795358,-0.08095143905213446,0.9807941416556503,0.9802791469858653,0.9802791469858653
P-BOTH,8300,root_4,root4_lora_0,descendant,lora_merge,0.9980883465997475,0.03384467350067987,-2.7660591234137883,-0.047696110225131615,-0.015648855295115293,-0.01565884123993777,0.9981349822292649,0.9980883465997478,0.9980883465997478
P-BOTH,8300,root_4,root4_prune_0,descendant,pruned,0.9918900224802644,0.03367918161919095,-2.756316099886481,-0.5248947184477866,-0.11856051314658851,-0.11856051314658851,0.9921146583104284,0.9918900224802639,0.9918900224802639
P-BOTH,8300,root_4,root4_prune_1,descendant,pruned,0.9586119916096073,0.03283366473581611,-2.719561793246604,-2.421058863705702,-0.26257301956107093,-0.26257301956107093,0.9596468214115331,0.9586119916096073,0.9586119916096073
P-BOTH,8300,root_4,root4_prune_2,descendant,pruned,0.8615056426439794,0.03050375528997229,-2.6222747561905755,-7.069044591727065,-0.4585608732952984,-0.4585608732952984,0.8641051771111211,0.8615056426439796,0.8615056426439796
P-BOTH,8300,root_4,root4_quant_0,descendant,quantized,0.9999211298551917,0.03385253103888413,-2.7657733600655003,-0.02086474824083914,-0.011472759134717327,-0.011468910948477915,0.9999233201558039,0.9999211298551912,0.9999211298551912
P-BOTH,8300,root_4,root4_quant_1,descendant,quantized,0.9987077277867998,0.03381765504969002,-2.7672443434526866,-0.12900198862591522,-0.04642790617281761,-0.04643400261408682,0.998743548477254,0.9987077277867993,0.9987077277867993
P-BOTH,8300,root_5,root5_cont_pt_same_0,descendant,continued_pretraining,0.9804647494079167,0.03391882754589127,-2.7766762082674417,-0.5669021190658453,-0.08057171909782976,-0.08084373809040339,0.9814471082365296,0.9809285404148572,0.9804647494079165
P-BOTH,8300,root_5,root5_lora_0,descendant,lora_merge,0.9968436240754189,0.033873611625520626,-2.766699671370318,-0.04665256582115272,-0.015679593314013217,-0.015687528586472706,0.9980897405623322,0.9980403836609145,0.9968436240754185
P-BOTH,8300,root_5,root5_prune_0,descendant,pruned,0.9919689399456556,0.03369034574404414,-2.756966306791725,-0.5235903110323662,-0.11825089635358313,-0.11825089635358313,0.9922601795353501,0.992026662314125,0.9919689399456559
P-BOTH,8300,root_5,root5_prune_1,descendant,pruned,0.9580338870753883,0.032994597613687025,-2.720017327162478,-2.419465813924458,-0.26227703553149867,-0.26227703553149867,0.9601389867770357,0.9590558889362014,0.9580338870753881
P-BOTH,8300,root_5,root5_prune_2,descendant,pruned,0.8552961589095206,0.030813211353099126,-2.622829470041455,-7.089171485264019,-0.45832698143484796,-0.45832698143484796,0.8665856495470533,0.8638751151834686,0.8552961589095207
P-BOTH,8300,root_5,root5_quant_0,descendant,quantized,0.9998553539236396,0.03387044291900496,-2.7664394711589453,-0.02149557089468104,-0.011795265197614913,-0.011791355812464805,0.9999194301029292,0.9999170069386887,0.9998553539236398
P-BOTH,8300,root_5,root5_quant_1,descendant,quantized,0.9985672983364178,0.03386229207686759,-2.767977768350269,-0.13705262253798473,-0.04774411364809809,-0.047752629250376426,0.9986784347918253,0.9986387705417298,0.9985672983364173
P-BOTH,8300,root_6,root6_cont_pt_same_0,descendant,continued_pretraining,0.9804870990550477,0.032792028478894134,-2.7780124290964734,-0.5638455255643869,-0.08076695320158651,-0.08103503308060232,0.9810316855394131,0.9804870990550483,0.9804870990550483
P-BOTH,8300,root_6,root6_lora_0,descendant,lora_merge,0.9980860586691497,0.03272108910009643,-2.7681063701055355,-0.04731611913239722,-0.015691248926656735,-0.015700125854836766,0.9981359617210385,0.9980860586691497,0.9980860586691497
P-BOTH,8300,root_6,root6_prune_0,descendant,pruned,0.9919496815446962,0.03259153138237665,-2.758297974793313,-0.5208808616802957,-0.11832539492321414,-0.11832539492321414,0.9921914823841437,0.9919496815446963,0.9919496815446963
P-BOTH,8300,root_6,root6_prune_1,descendant,pruned,0.9589250360666095,0.03189987726541902,-2.7213582816244926,-2.398375302017232,-0.2622549340828418,-0.2622549340828418,0.9600358105024503,0.9589250360666096,0.9589250360666096
P-BOTH,8300,root_6,root6_prune_2,descendant,pruned,0.8623120975519486,0.029901919068153694,-2.6239386711844834,-7.061464059605236,-0.45812597647452963,-0.45812597647452963,0.8651201508139859,0.8623120975519488,0.8623120975519488
P-BOTH,8300,root_6,root6_quant_0,descendant,quantized,0.9999143452265514,0.03273034673740858,-2.767820069786578,-0.02175024069195191,-0.011869488299701372,-0.011865211835436517,0.9999168966025147,0.9999143452265509,0.9999143452265509
P-BOTH,8300,root_6,root6_quant_1,descendant,quantized,0.9986025576603904,0.03269952714826072,-2.7694411496263904,-0.1401099285786126,-0.048038954302352596,-0.04804523187621643,0.99864413059196,0.9986025576603907,0.9986025576603907
P-BOTH,8300,root_7,root7_cont_pt_same_0,descendant,continued_pretraining,0.9809358724505836,0.03411542196126593,-2.7760990865941237,-0.5576384461186745,-0.08073366164373265,-0.08100137418811648,0.9814488899649602,0.9809358724505838,0.9809358724505838
P-BOTH,8300,root_7,root7_lora_0,descendant,lora_merge,0.9981570770160545,0.03403592301885603,-2.766285935737037,-0.04739034241216153,-0.015569342743860622,-0.015578208714508913,0.9982017324834497,0.9981570770160548,0.9981570770160548
P-BOTH,8300,root_7,root7_prune_0,descendant,pruned,0.9919271949622321,0.03384199907961635,-2.7566350679985527,-0.5190775142449771,-0.11845277885309137,-0.11845277885309137,0.9921624375353698,0.991927194962232,0.991927194962232
P-BOTH,8300,root_7,root7_prune_1,descendant,pruned,0.9590391416804387,0.03300776978056682,-2.7198078460905184,-2.397416675065814,-0.26251620472266657,-0.26251620472266657,0.9601233517133024,0.9590391416804379,0.9590391416804379
P-BOTH,8300,root_7,root7_prune_2,descendant,pruned,0.8622708052354731,0.03071102715331982,-2.6225804003653153,-7.0236362441276246,-0.4585615842317481,-0.4585615842317481,0.8650643043453607,0.862270805235473,0.862270805235473
P-BOTH,8300,root_7,root7_quant_0,descendant,quantized,0.9999130623832687,0.03404083245518336,-2.7660612720843787,-0.02196352673391548,-0.011974377169613906,-0.011970341150077798,0.9999155869506949,0.9999130623832685,0.9999130623832685
P-BOTH,8300,root_7,root7_quant_1,descendant,quantized,0.9985790561883982,0.033994119778303036,-2.7677383161906475,-0.14277815708370906,-0.04847550712543698,-0.048484867263255176,0.9986202940825636,0.9985790561883979,0.9985790561883979
P-BOTH,8300,root_0,root0_distilled_0,non_descendant,distilled_student,0.002462470651067076,0.002948777542449353,-3.6448764963753892,-36.09281744443027,-1.728304853161879,-7.95983334960629,0.011680635961671265,-0.0005688675509707039,-0.0005480793341793332
P-BOTH,8300,root_1,root1_distilled_0,non_descendant,distilled_student,0.0017043490691576561,0.0006527040222266654,-3.662412822276135,-36.421485954877696,-1.7371748767508153,-10.158372500085507,0.011571830301254667,-0.000252380131302248,-0.00014247273531752032
P-BOTH,8300,root_2,root2_distilled_0,non_descendant,distilled_student,0.003617378436126911,0.0007553791605461327,-3.6776734766517016,-37.10942756135364,-1.7444362799166753,-9.005653013456062,0.013614039169385141,0.002141057994159422,0.0021380246118232384
P-BOTH,8300,root_3,root3_distilled_0,non_descendant,distilled_student,0.003199533028573605,-0.0005242254868180032,-3.6768551465400474,-37.06609892085371,-1.7442704787392092,-8.775861054237579,0.01236332791045619,0.0010499529880295118,0.0010738830051728657
P-BOTH,8300,root_4,root4_distilled_0,non_descendant,distilled_student,0.002131176601523815,8.945317012079583e-05,-3.6614543154497285,-36.46787703535086,-1.736839770384,-14.407496902902475,0.011011534630378636,-9.744616199686814e-05,-0.00013613176792051255
P-BOTH,8300,root_5,root5_distilled_0,non_descendant,distilled_student,0.002596436207189483,-4.726317160246143e-05,-3.6700499360703747,-36.82860176586757,-1.740440051031837,-8.490857215425908,0.009577929508981524,-0.0011489763472659204,-0.0009670853663912944
P-BOTH,8300,root_6,root6_distilled_0,non_descendant,distilled_student,0.002604205562442497,-0.0002896195625281929,-3.6809929005759043,-37.29454722095743,-1.745265091494221,-8.84002729610883,0.012284780182581412,0.0008402289709179819,0.0008710194830668583
P-BOTH,8300,root_7,root7_distilled_0,non_descendant,distilled_student,0.00038777976225864665,0.0005219957731593744,-3.6544417837420267,-36.03336673265714,-1.7328390339998314,-8.781209408642852,0.010038287523368368,-0.001689833805572063,-0.0020484337580835912
P-BOTH,8300,root_0,root_1,non_descendant,independent,0.002937873376229023,0.002270231625432642,-2.8199024755245232,-0.857067408904827,-1.328525939277825,-3.3778147775946055,0.025690808542416715,0.00032676645410010825,0.00032676645410010825
P-BOTH,8300,root_0,root_2,non_descendant,independent,0.0020818339099489464,0.002044860036585009,-2.818706145597043,-1.0024117520563243,-1.3282893003903988,-3.36288712948351,0.025155382104280782,-0.0008989664803101516,-0.0008989664803101516
P-BOTH,8300,root_0,root_3,non_descendant,independent,0.003795957407061765,-0.0026837126699590865,-2.826168772661069,-0.8385265288367416,-1.3321488320476742,-3.586099004468422,0.0278594292261642,0.0019359307756677512,0.0019359307756677512
P-BOTH,8300,root_0,root_4,non_descendant,independent,0.0029159866727299535,0.0013287055871761785,-2.8221523375025424,-0.7545296926629009,-1.3293678109580254,-3.387992789773956,0.025058236610957466,-7.54229740121026e-05,-7.54229740121026e-05
P-BOTH,8300,root_0,root_5,non_descendant,independent,0.003088185290824783,0.0011993213809316497,-2.8206923270792204,-1.0933161351463985,-1.329498272027438,-3.436359090418377,0.025784791370024582,0.00014647312402065656,0.000146473124020657
P-BOTH,8300,root_0,root_6,non_descendant,independent,0.0023980387683602794,0.0006638172858303868,-2.818738311184837,-1.4821807929634525,-1.328490921823797,-3.4328792153606957,0.02595031041029418,-9.412408639875322e-05,-9.412408639875322e-05
P-BOTH,8300,root_0,root_7,non_descendant,independent,0.002434231992647849,-4.3405642970455756e-05,-2.824992008939415,-0.6223803961314006,-1.3316404442741672,-3.4787730345246217,0.025828151403397625,0.00017838989459831135,0.00017838989459831135
P-BOTH,8300,root_1,root_2,non_descendant,independent,0.002169125959515923,0.000620746596646083,-2.8244890206659106,-0.6539531681758096,-1.3307761073857611,-3.4377011273026103,0.026342220295505703,0.0004054225183980018,0.0004054225183980018
P-BOTH,8300,root_1,root_3,non_descendant,independent,0.002628279525307436,-0.0004308064287956194,-2.8260841697330985,-0.5270540220571923,-1.3319261340145732,-3.5014437644198857,0.02654241777572802,0.00057639357528113,0.00057639357528113
P-BOTH,8300,root_1,root_4,non_descendant,independent,0.003310360137645477,0.0002265484783643186,-2.8283116532640746,-0.41226717337298524,-1.3329177252953472,-3.462221124766109,0.025376410830665275,0.00033573963399912234,0.00033573963399912234
P-BOTH,8300,root_1,root_5,non_descendant,independent,0.0009456293819014914,0.002089561751986118,-2.8226748197178555,-0.6876583964916293,-1.3303751147824783,-3.3905814600939945,0.02558028937389353,2.4191401698947844e-05,2.419140169915977e-05
P-BOTH,8300,root_1,root_6,non_descendant,independent,0.003377833295876671,0.0031845882208108435,-2.818142334611863,-0.8531311277411059,-1.3273703435160102,-3.327899892181606,0.025937997864529102,-9.011832453363767e-05,-9.011832453363767e-05
P-BOTH,8300,root_1,root_7,non_descendant,independent,0.001954706461658527,0.0008750547609254678,-2.8268694972680533,-0.6849986542002503,-1.3323278076766498,-3.4437918698457235,0.027392325408231045,0.0019547064616585266,0.0019547064616585266
P-BOTH,8300,root_2,root_3,non_descendant,independent,0.0011921230678630446,-0.0002397806931579866,-2.8278653377692784,-0.5665349105657912,-1.333206491861179,-3.5080560429264365,0.02741136762622504,0.0008043343251066225,0.0008043343251066225
P-BOTH,8300,root_2,root_4,non_descendant,independent,0.003302348604569929,-0.00037036523634661475,-2.831532839964118,-0.702187248428452,-1.3342964743610022,-3.5227942239257035,0.024632730932734954,-0.0010699572699716577,-0.0010699572699716577
P-BOTH,8300,root_2,root_5,non_descendant,independent,0.002635377627869515,-0.0005334833315907505,-2.8299159321299494,-1.0069530644691584,-1.3340371967625133,-3.518924927541091,0.027392722432372993,0.001238706150918113,0.0012387061509179873
P-BOTH,8300,root_2,root_6,non_descendant,independent,0.004101072236028814,0.0017103137351870785,-2.821837247022618,-0.7219196829362646,-1.329841175263682,-3.397149565676482,0.029155468642884864,0.002575269284340606,0.002575269284340606
P-BOTH,8300,root_2,root_7,non_descendant,independent,0.0030563024675479265,0.002176885990655922,-2.8276026329949295,-0.7131131824980074,-1.332421814025429,-3.4246194744908847,0.026353054917693658,0.00020193838742076035,0.00020193838742076035
P-BOTH,8300,root_3,root_4,non_descendant,independent,0.0015169211609620066,0.0029148323095957835,-2.8263546221812317,-0.5304935875477674,-1.3316194673427337,-3.3650591325950745,0.025646509299800373,-6.0372932737071476e-05,-6.0372932737071476e-05
P-BOTH,8300,root_3,root_5,non_descendant,independent,0.00035656103736028466,0.002032356696004435,-2.825912770440018,-0.8535883410503906,-1.3318680479325324,-3.401363395673126,0.024742505496121916,-0.0015188503780007648,-0.0015188503780005132
P-BOTH,8300,root_3,root_6,non_descendant,independent,0.003782149820092293,0.0022455412205522767,-2.821913049202935,-0.8843303086961164,-1.3300075408349157,-3.377089169147388,0.0270190978730777,0.00034542590225462096,0.00034542590225462096
P-BOTH,8300,root_3,root_7,non_descendant,independent,0.0026267978288531195,-0.0006337007498045418,-2.832391188567335,-0.6677866204259685,-1.3349139714079088,-3.5390672382823576,0.027252515511193846,0.0011153041271316736,0.0011153041271316736
P-BOTH,8300,root_4,root_5,non_descendant,independent,0.0035431571220304477,0.0006322536164590377,-2.8258845323806,-0.6778254702329838,-1.3322792811208803,-3.519676593985625,0.026906342241111394,0.0016446491642212657,0.0016446491642214736
P-BOTH,8300,root_4,root_6,non_descendant,independent,0.0031034614395018135,0.0015626315242328803,-2.8203400877433014,-0.9876523920055146,-1.3291480567528218,-3.4204100461130076,0.02494676816242325,-0.0007806202107380227,-0.0007806202107380227
P-BOTH,8300,root_4,root_7,non_descendant,independent,0.001297842832628216,-0.000720425234450847,-2.829438761739955,-0.639408440213919,-1.3334201272877861,-3.5298209495248525,0.02504513088343929,-0.00018590708807122213,-0.00018590708807122213
P-BOTH,8300,root_5,root_6,non_descendant,independent,0.004326641633562744,0.0008811936930411038,-2.8232542133459244,-0.9979692168863243,-1.330267514816473,-3.4433793829969574,0.027888044991230432,0.0016594012240605102,0.0016594012240604286
P-BOTH,8300,root_5,root_7,non_descendant,independent,0.002713038770046781,0.0011119468868446651,-2.8285992511338125,-0.9946120397322621,-1.3326185781069149,-3.4365928475786918,0.02700532664620431,0.001270732259188258,0.001270732259187821
P-BOTH,8300,root_6,root_7,non_descendant,independent,0.0032029680277968343,-0.0008975891813422918,-2.835040068163759,-1.2199893296738011,-1.3363584818566316,-3.5677701199001213,0.027611376323324607,0.0014269405683080428,0.0014269405683080428
P-BOTH,8400,root_0,root0_cont_pt_same_0,descendant,continued_pretraining,0.9808685077479637,0.03417992214023725,-2.7760679866737514,-0.5561750847160696,-0.08092212229788841,-0.0811938976419111,0.9813732796817497,0.9808685077479639,0.9808685077479639
P-BOTH,8400,root_0,root0_lora_0,descendant,lora_merge,0.9981892266226206,0.0341775268230835,-2.7661902164160543,-0.04666366298220711,-0.015611520599315218,-0.01562072600478299,0.9982325776789978,0.9981892266226203,0.9981892266226203
P-BOTH,8400,root_0,root0_prune_0,descendant,pruned,0.9918938674588164,0.033975684403845234,-2.75649497605341,-0.5277404703764408,-0.1185096671518828,-0.1185096671518828,0.9921270617921625,0.9918938674588161,0.9918938674588161
P-BOTH,8400,root_0,root0_prune_1,descendant,pruned,0.9585290201276,0.033130830973325594,-2.71958417850023,-2.427406180125477,-0.26279057646048815,-0.26279057646048815,0.9596147996596587,0.9585290201275997,0.9585290201275997
P-BOTH,8400,root_0,root0_prune_2,descendant,pruned,0.8609128542602903,0.030688141062970107,-2.6225026782800698,-7.067292400363271,-0.4589269308961464,-0.4589269308961464,0.8636497911593478,0.8609128542602903,0.8609128542602903
P-BOTH,8400,root_0,root0_quant_0,descendant,quantized,0.9999191618338715,0.03418607512163207,-2.7659255321738927,-0.021585856104551784,-0.011662982505455496,-0.011658961948992894,0.9999214439565828,0.9999191618338718,0.9999191618338718
P-BOTH,8400,root_0,root0_quant_1,descendant,quantized,0.9986808607153469,0.03414811735504113,-2.7674343829329695,-0.13266843671973924,-0.047209982926931376,-0.04721707361950714,0.9987180304593314,0.9986808607153469,0.9986808607153469
P-BOTH,8400,root_1,root1_cont_pt_same_0,descendant,continued_pretraining,0.9810088057572285,0.035385905569751165,-2.7744061039878316,-0.5615033737914026,-0.08071750941780041,-0.08098631519221217,0.9815146765394355,0.9810088057572287,0.9810088057572287
P-BOTH,8400,root_1,root1_lora_0,descendant,lora_merge,0.99824885569823,0.03531782418487598,-2.7644660866027717,-0.04572353778215671,-0.015555548317326395,-0.015564364451706692,0.9982921331647853,0.9982488556982293,0.9982488556982293
P-BOTH,8400,root_1,root1_prune_0,descendant,pruned,0.9919698000737539,0.03516108905313568,-2.754701032612875,-0.5188756557837046,-0.11833816591724564,-0.11833816591724564,0.9921971900948732,0.9919698000737541,0.9919698000737541
P-BOTH,8400,root_1,root1_prune_1,descendant,pruned,0.9589259619669929,0.03433699181108827,-2.717973223661112,-2.4013074999583135,-0.26228415972622826,-0.26228415972622826,0.9599879384854807,0.958925961966993,0.958925961966993
P-BOTH,8400,root_1,root1_prune_2,descendant,pruned,0.8580856318776053,0.03221174522194152,-2.6207797659979097,-7.012916645197306,-0.45834300735444244,-0.45834300735444244,0.864601075666542,0.8618836619588767,0.8580856318776054
P-BOTH,8400,root_1,root1_quant_0,descendant,quantized,0.9999144777595387,0.03531132385764562,-2.76423438696705,-0.021821263925776307,-0.011893362799161826,-0.011889310796609156,0.9999169172901835,0.9999144777595387,0.9999144777595387
P-BOTH,8400,root_1,root1_quant_1,descendant,quantized,0.9985944762354896,0.035289314478293685,-2.76580202309059,-0.13944358839046886,-0.04813780508884312,-0.04814539031860654,0.9986345274241634,0.9985944762354899,0.9985944762354899
P-BOTH,8400,root_2,root2_cont_pt_same_0,descendant,continued_pretraining,0.9803796076584987,0.0346645174361086,-2.7748967313529107,-0.5555248902534236,-0.08096341971242048,-0.08122946544181459,0.9809271584508755,0.9803796076584991,0.9803796076584991
P-BOTH,8400,root_2,root2_lora_0,descendant,lora_merge,0.9981571069092917,0.034585391678763476,-2.765119914372989,-0.04709476804208295,-0.01562059465824956,-0.015629625667139237,0.9982042544475432,0.9981571069092919,0.9981571069092919
P-BOTH,8400,root_2,root2_prune_0,descendant,pruned,0.9919817605467954,0.03432148605976237,-2.755630088099689,-0.5191509690148793,-0.1183171013831602,-0.1183171013831602,0.9922235144362785,0.9919817605467952,0.9919817605467952
P-BOTH,8400,root_2,root2_prune_1,descendant,pruned,0.9589299197566143,0.03371180598096119,-2.718592076224616,-2.395820037439665,-0.26233027215806454,-0.26233027215806454,0.9600481132861335,0.9589299197566147,0.9589299197566147
P-BOTH,8400,root_2,root2_prune_2,descendant,pruned,0.8623148483220859,0.031700187485635516,-2.6213030940685806,-6.997804845723903,-0.458380664740601,-0.458380664740601,0.8651356449158358,0.8623148483220854,0.8623148483220854
P-BOTH,8400,root_2,root2_quant_0,descendant,quantized,0.9999162369942547,0.034595218442580865,-2.7649000078904744,-0.02175506380136332,-0.011816333838781681,-0.011811990869484808,0.9999187970872748,0.9999162369942546,0.9999162369942546
P-BOTH,8400,root_2,root2_quant_1,descendant,quantized,0.9986324221303788,0.03453378525026533,-2.7664935533350814,-0.13658563883098349,-0.047831805455859105,-0.047839069967680954,0.9986741320589961,0.9986324221303781,0.9986324221303781
P-BOTH,8400,root_3,root3_cont_pt_same_0,descendant,continued_pretraining,0.980585905354704,0.033664584259705414,-2.7767576526211135,-0.566312625100712,-0.08118000981436276,-0.08145358349999797,0.9811311462825638,0.9805859053547042,0.9805859053547042
P-BOTH,8400,root_3,root3_lora_0,descendant,lora_merge,0.9981568433654613,0.033604026976935,-2.7668318464050787,-0.046656845686524166,-0.01556113809391383,-0.01557020665838144,0.998205497658392,0.9981568433654617,0.9981568433654617
P-BOTH,8400,root_3,root3_prune_0,descendant,pruned,0.9919655382236198,0.033474612340171184,-2.757048260156968,-0.5204827621666245,-0.118404454034231,-0.118404454034231,0.9922062273082398,0.9919655382236199,0.9919655382236199
P-BOTH,8400,root_3,root3_prune_1,descendant,pruned,0.9587086351754404,0.032671344014988876,-2.720209234627931,-2.398034245579262,-0.26239319694955243,-0.26239319694955243,0.9598333459881628,0.9587086351754404,0.9587086351754404
P-BOTH,8400,root_3,root3_prune_2,descendant,pruned,0.8617981984420932,0.030510569857971542,-2.622977051542793,-7.044831953320903,-0.4584057325063323,-0.4584057325063323,0.8646675049493414,0.8617981984420929,0.8617981984420929
P-BOTH,8400,root_3,root3_quant_0,descendant,quantized,0.9999220180163791,0.03359468419070846,-2.7666135210384892,-0.02111039803683624,-0.011455071144202394,-0.011451004466707703,0.9999243415511355,0.9999220180163796,0.9999220180163796
P-BOTH,8400,root_3,root3_quant_1,descendant,quantized,0.9987184732988902,0.033573676657290726,-2.7681187779534486,-0.12927018005584642,-0.04638097720718519,-0.04638579983186689,0.9987566500456477,0.9987184732988906,0.9987184732988906
P-BOTH,8400,root_4,root4_cont_pt_same_0,descendant,continued_pretraining,0.9802791469858647,0.03373379270795943,-2.777185773610616,-0.565667631870071,-0.08067769930795357,-0.08095143905213448,0.9807941416556504,0.9802791469858652,0.9802791469858652
P-BOTH,8400,root_4,root4_lora_0,descendant,lora_merge,0.9980883465997473,0.03361153041294433,-2.7673021858459537,-0.047696110225139095,-0.015648855295115293,-0.01565884123993777,0.9981349822292648,0.9980883465997478,0.9980883465997478
P-BOTH,8400,root_4,root4_prune_0,descendant,pruned,0.9918900224802644,0.033433524874655014,-2.757551671631477,-0.5248947184477825,-0.11856051314658851,-0.11856051314658851,0.9921146583104284,0.991890022480264,0.991890022480264
P-BOTH,8400,root_4,root4_prune_1,descendant,pruned,0.9586119916096073,0.0327084161749372,-2.72061672944747,-2.4210588637056976,-0.26257301956107093,-0.26257301956107093,0.9596468214115331,0.9586119916096073,0.9586119916096073
P-BOTH,8400,root_4,root4_prune_2,descendant,pruned,0.8615056426439796,0.03045684939097661,-2.6234432875976017,-7.069044591727059,-0.4585608732952986,-0.4585608732952986,0.8641051771111211,0.8615056426439796,0.8615056426439796
P-BOTH,8400,root_4,root4_quant_0,descendant,quantized,0.9999211298551917,0.033613808163130705,-2.767029017680141,-0.02086474824084343,-0.011472759134717327,-0.011468910948477908,0.9999233201558039,0.9999211298551912,0.9999211298551912
P-BOTH,8400,root_4,root4_quant_1,descendant,quantized,0.9987077277867998,0.03358018759211676,-2.768500556739118,-0.12900198862592263,-0.04642790617281761,-0.04643400261408683,0.998743548477254,0.9987077277867993,0.9987077277867993
P-BOTH,8400,root_5,root5_cont_pt_same_0,descendant,continued_pretraining,0.9804647494079167,0.03302588344574543,-2.7779490792661226,-0.5669021190658465,-0.08057171909782981,-0.0808437380904034,0.9814471082365296,0.9809285404148572,0.9804647494079165
P-BOTH,8400,root_5,root5_lora_0,descendant,lora_merge,0.9968436240754189,0.032936303763513614,-2.7679941559569574,-0.046652565821158114,-0.01567959331401322,-0.01568752858647271,0.9980897405623322,0.9980403836609145,0.9968436240754185
P-BOTH,8400,root_5,root5_prune_0,descendant,pruned,0.9919689399456558,0.03276380948593333,-2.758242304319551,-0.5235903110323655,-0.11825089635358313,-0.11825089635358313,0.99226017953535,0.992026662314125,0.9919689399456559
P-BOTH,8400,root_5,root5_prune_1,descendant,pruned,0.9580338870753883,0.03208849198877142,-2.72115028476363,-2.419465813924457,-0.2622770355314987,-0.2622770355314987,0.9601389867770355,0.9590558889362016,0.9580338870753881
P-BOTH,8400,root_5,root5_prune_2,descendant,pruned,0.8552961589095206,0.02997486153347337,-2.6238385750073445,-7.089171485264021,-0.4583269814348482,-0.4583269814348482,0.8665856495470533,0.8638751151834686,0.8552961589095208
P-BOTH,8400,root_5,root5_quant_0,descendant,quantized,0.9998553539236398,0.03293761375414817,-2.767737681030445,-0.021495570894679183,-0.011795265197614917,-0.011791355812464809,0.9999194301029294,0.9999170069386887,0.9998553539236398
P-BOTH,8400,root_5,root5_quant_1,descendant,quantized,0.9985672983364178,0.0329110143774207,-2.7693172844580913,-0.1370526225379827,-0.047744113648098094,-0.04775262925037643,0.9986784347918253,0.9986387705417298,0.9985672983364174
P-BOTH,8400,root_6,root6_cont_pt_same_0,descendant,continued_pretraining,0.9804870990550479,0.03366225610807955,-2.7770673371946413,-0.563845525564393,-0.08076695320158651,-0.08103503308060232,0.9810316855394133,0.9804870990550483,0.9804870990550483
P-BOTH,8400,root_6,root6_lora_0,descendant,lora_merge,0.9980860586691498,0.03361207186350507,-2.7671567098946253,-0.047316119132397014,-0.015691248926656732,-0.01570012585483676,0.9981359617210385,0.9980860586691497,0.9980860586691497
P-BOTH,8400,root_6,root6_prune_0,descendant,pruned,0.9919496815446962,0.03344148059254378,-2.757390772667634,-0.520880861680295,-0.11832539492321412,-0.11832539492321412,0.9921914823841437,0.9919496815446965,0.9919496815446965
P-BOTH,8400,root_6,root6_prune_1,descendant,pruned,0.9589250360666095,0.03267915663965315,-2.7205745459940633,-2.39837530201723,-0.2622549340828418,-0.2622549340828418,0.9600358105024503,0.9589250360666096,0.9589250360666096
P-BOTH,8400,root_6,root6_prune_2,descendant,pruned,0.8623120975519486,0.030698230912931505,-2.623237779475973,-7.061464059605238,-0.4581259764745296,-0.4581259764745296,0.8651201508139859,0.8623120975519489,0.8623120975519489
P-BOTH,8400,root_6,root6_quant_0,descendant,quantized,0.9999143452265514,0.0335994568137837,-2.766897235853574,-0.021750240691947007,-0.011869488299701374,-0.01186521183543652,0.9999168966025147,0.9999143452265509,0.9999143452265509
P-BOTH,8400,root_6,root6_quant_1,descendant,quantized,0.9986025576603904,0.0335852198107169,-2.7685031608944697,-0.1401099285786101,-0.0480389543023526,-0.04804523187621642,0.99864413059196,0.9986025576603907,0.9986025576603907
P-BOTH,8400,root_7,root7_cont_pt_same_0,descendant,continued_pretraining,0.9809358724505836,0.03435064378027279,-2.7760951605156015,-0.5576384461186739,-0.08073366164373265,-0.0810013741881165,0.9814488899649603,0.9809358724505838,0.9809358724505838
P-BOTH,8400,root_7,root7_lora_0,descendant,lora_merge,0.9981570770160545,0.03429165126995009,-2.766302121824825,-0.04739034241216268,-0.015569342743860619,-0.015578208714508926,0.9982017324834495,0.9981570770160549,0.9981570770160549
P-BOTH,8400,root_7,root7_prune_0,descendant,pruned,0.9919271949622323,0.03413788946433589,-2.7565550644476113,-0.5190775142449768,-0.11845277885309134,-0.11845277885309134,0.9921624375353697,0.991927194962232,0.991927194962232
P-BOTH,8400,root_7,root7_prune_1,descendant,pruned,0.9590391416804387,0.03341587211276511,-2.719504617608397,-2.397416675065819,-0.2625162047226666,-0.2625162047226666,0.9601233517133023,0.9590391416804378,0.9590391416804378
P-BOTH,8400,root_7,root7_prune_2,descendant,pruned,0.8622708052354732,0.03130196557245687,-2.6221608201022675,-7.02363624412763,-0.4585615842317483,-0.4585615842317483,0.8650643043453607,0.8622708052354727,0.8622708052354727
P-BOTH,8400,root_7,root7_quant_0,descendant,quantized,0.9999130623832686,0.03429612989833299,-2.7660836301551615,-0.02196352673391754,-0.011974377169613913,-0.011970341150077798,0.9999155869506949,0.9999130623832686,0.9999130623832686
P-BOTH,8400,root_7,root7_quant_1,descendant,quantized,0.9985790561883982,0.03426299815325493,-2.7677386990523924,-0.1427781570837132,-0.04847550712543702,-0.04848486726325519,0.9986202940825635,0.9985790561883979,0.9985790561883979
P-BOTH,8400,root_0,root0_distilled_0,non_descendant,distilled_student,0.0024624706510670744,0.0026409777735612,-3.6453710982822227,-36.09281744443027,-1.72830485316188,-7.959833349606294,0.011680635961671274,-0.0005688675509706923,-0.0005480793341793224
P-BOTH,8400,root_1,root1_distilled_0,non_descendant,distilled_student,0.0017043490691576561,-0.00017806294381689206,-3.662892344590756,-36.4214859548777,-1.7371748767508144,-10.158372500085513,0.011571830301254664,-0.00025238013130224676,-0.00014247273531751924
P-BOTH,8400,root_2,root2_distilled_0,non_descendant,distilled_student,0.003617378436126911,0.0007302075106494416,-3.677647870951429,-37.10942756135364,-1.7444362799166748,-9.005653013456056,0.013614039169385138,0.0021410579941594267,0.002138024611823243
P-BOTH,8400,root_3,root3_distilled_0,non_descendant,distilled_student,0.003199533028573603,-0.00023920210877191486,-3.6766157999954396,-37.06609892085372,-1.7442704787392085,-8.775861054237577,0.012363327910456197,0.001049952988029512,0.0010738830051728657
P-BOTH,8400,root_4,root4_distilled_0,non_descendant,distilled_student,0.0021311766015238154,-0.00021201855032196138,-3.6617959985780213,-36.467877035350874,-1.7368397703840002,-14.407496902902494,0.011011534630378635,-9.744616199686903e-05,-0.00013613176792051315
P-BOTH,8400,root_5,root5_distilled_0,non_descendant,distilled_student,0.0025964362071894767,0.0002227927937609059,-3.669314063624578,-36.82860176586758,-1.7404400510318379,-8.49085721542591,0.009577929508981524,-0.0011489763472659201,-0.0009670853663912945
P-BOTH,8400,root_6,root6_distilled_0,non_descendant,distilled_student,0.002604205562442496,0.00026644326998643625,-3.6802200085612884,-37.29454722095744,-1.7452650914942205,-8.840027296108829,0.012284780182581416,0.0008402289709179781,0.0008710194830668549
P-BOTH,8400,root_7,root7_distilled_0,non_descendant,distilled_student,0.0003877797622586486,0.001323267271561532,-3.653521932101336,-36.03336673265717,-1.7328390339998325,-8.781209408642857,0.010038287523368375,-0.0016898338055720639,-0.0020484337580835934
P-BOTH,8400,root_0,root_1,non_descendant,independent,0.002937873376229016,0.002851754607927288,-2.8194570138407102,-0.8570674089048277,-1.3285259392778253,-3.377814777594607,0.025690808542416708,0.0003267664541001084,0.0003267664541001084
P-BOTH,8400,root_0,root_2,non_descendant,independent,0.002081833909948941,0.0023315384790932934,-2.818294243491896,-1.002411752056324,-1.3282893003903995,-3.3628871294835103,0.025155382104280772,-0.0008989664803101552,-0.0008989664803101552
P-BOTH,8400,root_0,root_3,non_descendant,independent,0.003795957407061758,-0.001757887667506144,-2.8253164943778653,-0.8385265288367435,-1.332148832047674,-3.5860990044684224,0.0278594292261642,0.0019359307756677496,0.0019359307756677496
P-BOTH,8400,root_0,root_4,non_descendant,independent,0.002915986672729958,0.0015559889448422128,-2.8212970201260625,-0.754529692662902,-1.3293678109580256,-3.387992789773957,0.025058236610957473,-7.542297401210286e-05,-7.542297401210286e-05
P-BOTH,8400,root_0,root_5,non_descendant,independent,0.003088185290824784,0.0015604385005646617,-2.8206201509164694,-1.0933161351463994,-1.3294982720274378,-3.436359090418378,0.02578479137002457,0.00014647312402065217,0.0001464731240206526
P-BOTH,8400,root_0,root_6,non_descendant,independent,0.0023980387683602794,0.0005032177792812458,-2.8190722109604147,-1.4821807929634572,-1.3284909218237977,-3.432879215360697,0.025950310410294188,-9.4124086398754e-05,-9.4124086398754e-05
P-BOTH,8400,root_0,root_7,non_descendant,independent,0.002434231992647846,-0.00044281079480252905,-2.825240851490292,-0.6223803961314022,-1.3316404442741674,-3.4787730345246226,0.02582815140339763,0.0001783898945983181,0.0001783898945983181
P-BOTH,8400,root_1,root_2,non_descendant,independent,0.0021691259595159247,0.002108765702765332,-2.822981008904177,-0.6539531681758122,-1.3307761073857602,-3.4377011273026095,0.026342220295505706,0.0004054225183979992,0.0004054225183979992
P-BOTH,8400,root_1,root_3,non_descendant,independent,0.0026282795253074337,-0.0005144511939322614,-2.825598988560085,-0.5270540220571944,-1.3319261340145725,-3.5014437644198853,0.02654241777572801,0.000576393575281128,0.000576393575281128
P-BOTH,8400,root_1,root_4,non_descendant,independent,0.0033103601376454754,0.00014749655142041798,-2.828833945177068,-0.4122671733729887,-1.332917725295347,-3.4622211247661085,0.025376410830665264,0.00033573963399912283,0.00033573963399912283
P-BOTH,8400,root_1,root_5,non_descendant,independent,0.000945629381901492,0.0023332983752918303,-2.8225530050527636,-0.6876583964916272,-1.3303751147824774,-3.390581460093994,0.025580289373893533,2.4191401698948352e-05,2.4191401699160276e-05
P-BOTH,8400,root_1,root_6,non_descendant,independent,0.0033778332958766754,0.00330527312611102,-2.8176613882227937,-0.8531311277411154,-1.3273703435160105,-3.3278998921816054,0.025937997864529105,-9.011832453363433e-05,-9.011832453363433e-05
P-BOTH,8400,root_1,root_7,non_descendant,independent,0.001954706461658526,0.0009819964831993117,-2.827371393556895,-0.6849986542002492,-1.3323278076766494,-3.4437918698457226,0.027392325408231038,0.0019547064616585257,0.0019547064616585257
P-BOTH,8400,root_2,root_3,non_descendant,independent,0.0011921230678630416,-0.00018073857874869182,-2.828671659366035,-0.566534910565797,-1.3332064918611786,-3.5080560429264356,0.027411367626225046,0.0008043343251066237,0.0008043343251066237
P-BOTH,8400,root_2,root_4,non_descendant,independent,0.0033023486045699255,-0.0003009661061214688,-2.831425375745762,-0.7021872484284574,-1.3342964743610022,-3.5227942239257026,0.024632730932734954,-0.0010699572699716562,-0.0010699572699716562
P-BOTH,8400,root_2,root_5,non_descendant,independent,0.00263537762786951,-0.0003236595362422007,-2.8295668135694236,-1.00695306446916,-1.334037196762513,-3.51892492754109,0.027392722432372996,0.0012387061509181094,0.0012387061509179838
P-BOTH,8400,root_2,root_6,non_descendant,independent,0.004101072236028816,0.0021425979611616173,-2.822087192492148,-0.7219196829362691,-1.329841175263682,-3.3971495656764823,0.029155468642884857,0.002575269284340606,0.002575269284340606
P-BOTH,8400,root_2,root_7,non_descendant,independent,0.0030563024675479247,0.0014721097420759529,-2.8281416565181754,-0.7131131824980125,-1.3324218140254287,-3.4246194744908833,0.026353054917693644,0.00020193838742074816,0.00020193838742074816
P-BOTH,8400,root_3,root_4,non_descendant,independent,0.0015169211609620053,0.00249060951631635,-2.826643224727599,-0.5304935875477595,-1.3316194673427333,-3.365059132595076,0.025646509299800377,-6.0372932737072526e-05,-6.0372932737072526e-05
P-BOTH,8400,root_3,root_5,non_descendant,independent,0.0003565610373602862,0.0017603856769800863,-2.825883715464415,-0.8535883410503854,-1.3318680479325318,-3.4013633956731275,0.02474250549612191,-0.0015188503780007665,-0.001518850378000515
P-BOTH,8400,root_3,root_6,non_descendant,independent,0.003782149820092293,0.0031703260115434275,-2.8209780726753237,-0.8843303086961182,-1.3300075408349157,-3.377089169147388,0.0270190978730777,0.0003454259022546185,0.0003454259022546185
P-BOTH,8400,root_3,root_7,non_descendant,independent,0.0026267978288531234,-0.0011826945566946474,-2.833514285984307,-0.6677866204259678,-1.3349139714079088,-3.5390672382823567,0.027252515511193846,0.0011153041271316784,0.0011153041271316784
P-BOTH,8400,root_4,root_5,non_descendant,independent,0.0035431571220304442,-0.0004570192819255406,-2.8266908201027103,-0.6778254702329813,-1.3322792811208803,-3.519676593985625,0.026906342241111384,0.0016446491642212637,0.001644649164221472
P-BOTH,8400,root_4,root_6,non_descendant,independent,0.0031034614395018256,0.001026985148230412,-2.820341632212997,-0.9876523920055192,-1.3291480567528213,-3.4204100461130076,0.024946768162423246,-0.00078062021073802,-0.00078062021073802
P-BOTH,8400,root_4,root_7,non_descendant,independent,0.0012978428326282075,-0.00019506392127283697,-2.829366883346558,-0.6394084402139194,-1.333420127287786,-3.5298209495248516,0.02504513088343929,-0.00018590708807121852,-0.00018590708807121852
P-BOTH,8400,root_5,root_6,non_descendant,independent,0.004326641633562742,0.0011424586444734582,-2.8228978308193824,-0.9979692168863197,-1.330267514816473,-3.4433793829969597,0.027888044991230432,0.0016594012240605082,0.0016594012240604267
P-BOTH,8400,root_5,root_7,non_descendant,independent,0.0027130387700467808,0.0013882881767354274,-2.827846093828501,-0.994612039732257,-1.332618578106915,-3.4365928475786935,0.02700532664620432,0.0012707322591882606,0.0012707322591878237
P-BOTH,8400,root_6,root_7,non_descendant,independent,0.0032029680277968317,-0.00019771496359478167,-2.8346720412509483,-1.2199893296737945,-1.3363584818566316,-3.567770119900121,0.027611376323324614,0.0014269405683080402,0.0014269405683080402
